ds,yhat_lower,yhat_upper
2020-11-26 12:00:00,14426.300558137133,17153.01718866313
2020-11-27 00:00:00,14266.449879418058,15411.631560269228
2020-11-27 12:00:00,14343.46177362293,15384.972119309885
2020-11-28 00:00:00,14415.835953402822,15098.602501868061
2020-11-28 12:00:00,14777.675295178133,15098.602501868061
2020-11-29 00:00:00,14856.16469154676,15595.762344139861
2020-11-29 12:00:00,15117.507333173166,15595.762344139861
2020-11-30 00:00:00,15107.287303676116,15442.636632799258
2020-11-30 12:00:00,15363.025316933557,15442.636632799258
2020-12-01 00:00:00,15975.545501654567,20209.663563885766
2020-12-01 12:00:00,15716.295323790788,20185.161263208112
2020-12-02 00:00:00,15804.69067337674,16478.369493105816
2020-12-02 12:00:00,15874.093065161387,16478.369493105816
2020-12-03 00:00:00,15934.192223276672,16478.369493105816
2020-12-03 12:00:00,15995.84116977083,17387.425457682264
2020-12-04 00:00:00,15829.057572036781,17387.425457682264
2020-12-04 12:00:00,15319.935970649181,16478.369493105816
2020-12-05 00:00:00,15211.525883786595,16478.369493105816
2020-12-05 12:00:00,15637.562853099862,16478.369493105816
2020-12-06 00:00:00,15614.891543500144,16478.369493105816
2020-12-06 12:00:00,15599.202797132462,16478.369493105816
2020-12-07 00:00:00,15648.029896861932,16478.369493105816
2020-12-07 12:00:00,15667.6021056139,16478.369493105816
2020-12-08 00:00:00,15764.45923801292,16478.369493105816
2020-12-08 12:00:00,15246.868900968619,16478.369493105816
2020-12-09 00:00:00,15172.132865464086,16478.369493105816
2020-12-09 12:00:00,15010.147456066265,16478.369493105816
2020-12-10 00:00:00,14955.922194235422,16478.369493105816
2020-12-10 12:00:00,15003.538954641299,16478.369493105816
2020-12-11 00:00:00,14919.486627272428,16489.48910088222
2020-12-11 12:00:00,14939.058836024396,16489.48910088222
2020-12-12 00:00:00,15258.01239215706,16489.48910088222
2020-12-12 12:00:00,15277.584600909031,16489.48910088222
2020-12-13 00:00:00,15268.31738539656,16489.48910088222
2020-12-13 12:00:00,15781.489494018195,16489.48910088222
2020-12-14 00:00:00,15740.13630067194,16623.29235244099
2020-12-14 12:00:00,15879.694122260405,16623.29235244099
2020-12-15 00:00:00,15895.68468293273,16623.29235244099
2020-12-15 12:00:00,16037.004996294141,16623.29235244099
2020-12-16 00:00:00,15895.68468293273,16623.29235244099
2020-12-16 12:00:00,15922.383970648307,17538.83241609926
2020-12-17 00:00:00,18266.739290726928,18443.660292290202
2020-12-17 12:00:00,18368.328048353134,18443.660292290202
2020-12-18 00:00:00,18646.42848381559,18777.195120899763
2020-12-18 12:00:00,18746.957351237026,19491.23503819815
2020-12-19 00:00:00,18671.823247400527,19491.23503819815
2020-12-19 12:00:00,19101.817536116097,19491.23503819815
2020-12-20 00:00:00,18918.365909614833,19491.23503819815
2020-12-20 12:00:00,18988.902324018614,19491.23503819815
2020-12-21 00:00:00,18659.45465047617,19472.645122025984
2020-12-21 12:00:00,18728.740661573884,18758.6052047276
2020-12-22 00:00:00,18831.980885525223,18873.272053837638
2020-12-22 12:00:00,18901.266896622936,19587.311971136023
2020-12-23 00:00:00,20069.546741821065,20236.287137190542
2020-12-23 12:00:00,18879.23715608892,19640.619460354425
2020-12-24 00:00:00,18891.171468969806,19439.299140430663
2020-12-24 12:00:00,19487.044594213017,20495.85231800297
2020-12-25 00:00:00,20024.166870232755,20194.34815412371
2020-12-25 12:00:00,20066.39043901382,20277.959203171427
2020-12-26 00:00:00,19952.601801166245,20455.460732981
2020-12-26 12:00:00,20732.746151994965,21700.523845970696
2020-12-27 00:00:00,21830.014430533625,22646.73732226758
2020-12-27 12:00:00,21785.41335978706,22601.742942821737
2020-12-28 00:00:00,21830.06016687303,22227.021735532835
2020-12-28 12:00:00,22083.61740355625,22218.98993573281
2020-12-29 00:00:00,22047.836749034366,22700.192741211984
2020-12-29 12:00:00,22119.788607306975,22700.192741211984
2020-12-30 00:00:00,22088.621757247514,22940.3364080696
2020-12-30 12:00:00,23466.023240247065,23364.540576672665
2020-12-31 00:00:00,23443.635075764014,23805.887768779183
2020-12-31 12:00:00,23454.555407506745,23805.887768779183
2021-01-01 00:00:00,23391.467437248128,27955.89174354528
2021-01-01 12:00:00,23483.530378256495,27957.707329965207
2021-01-02 00:00:00,24081.8932298203,25134.253906339767
2021-01-02 12:00:00,25050.42693446051,26020.764349599915
2021-01-03 00:00:00,26300.29909480195,27426.148798619743
2021-01-03 12:00:00,27330.345596487175,28003.468363743545
2021-01-04 00:00:00,25838.179410031935,27296.98167407703
2021-01-04 12:00:00,25978.023687391626,26007.674057736476
2021-01-05 00:00:00,25935.569501278853,27356.394941229155
2021-01-05 12:00:00,26462.179191140644,27747.036460771742
2021-01-06 00:00:00,27138.163286054336,28681.673587011
2021-01-06 12:00:00,28961.09798019824,29814.230561560544
2021-01-07 00:00:00,29384.53819004852,30955.16279477573
2021-01-07 12:00:00,30253.072944883726,31869.764893783467
2021-01-08 00:00:00,31055.089523958915,33592.412959572095
2021-01-08 12:00:00,32353.089495170385,34395.09196644661
2021-01-09 00:00:00,32743.085585977897,33471.75116888387
2021-01-09 12:00:00,32198.782562605375,32692.837411895696
2021-01-10 00:00:00,31096.12413210901,32966.698318149596
2021-01-10 12:00:00,30856.749866526923,35735.1563762798
2021-01-11 00:00:00,29214.79167305387,31362.711035805183
2021-01-11 12:00:00,29166.471152022044,29878.892905504537
2021-01-12 00:00:00,28989.191610558988,30450.635834967252
2021-01-12 12:00:00,27958.210795384424,30574.355101383157
2021-01-13 00:00:00,27673.804126339513,29493.90927548449
2021-01-13 12:00:00,28028.26475859302,30626.13661474644
2021-01-14 00:00:00,29777.207182259743,31741.734701143316
2021-01-14 12:00:00,30326.162781733252,32206.98939371093
2021-01-15 00:00:00,31198.357255106366,32646.05160266485
2021-01-15 12:00:00,30251.872131113018,31935.44150663004
2021-01-16 00:00:00,30315.09629076883,31784.734216372777
2021-01-16 12:00:00,29869.73492364652,31024.765127390634
2021-01-17 00:00:00,29281.640697485574,30238.64285324529
2021-01-17 12:00:00,29594.52196700126,30066.733973576916
2021-01-18 00:00:00,28948.71112958245,30228.49622895828
2021-01-18 12:00:00,29351.326788318333,31000.955320067045
2021-01-19 00:00:00,29817.847316042848,30763.349169984303
2021-01-19 12:00:00,29693.42718740625,31168.108714703107
2021-01-20 00:00:00,28457.892812638926,29948.351244575846
2021-01-20 12:00:00,28789.69878880094,29324.287562413967
2021-01-21 00:00:00,27177.245039642676,29283.10301275386
2021-01-21 12:00:00,25638.429006445815,27213.171155208332
2021-01-22 00:00:00,25949.69334903725,27226.996657989832
2021-01-22 12:00:00,26926.477304054624,27946.654169370493
2021-01-23 00:00:00,26094.4455215653,28322.949207264264
2021-01-23 12:00:00,26518.504935518125,27350.0817373932
2021-01-24 00:00:00,25999.974165771542,27317.472037990367
2021-01-24 12:00:00,26192.910719907188,27913.72132552502
2021-01-25 00:00:00,25945.856265188097,27330.784337932426
2021-01-25 12:00:00,26661.636222573943,27670.72069382771
2021-01-26 00:00:00,25773.218934882767,26885.092882339406
2021-01-26 12:00:00,26475.156393259866,27284.9698024595
2021-01-27 00:00:00,25518.185099765877,27625.475582544197
2021-01-27 12:00:00,25166.51776836221,26389.219651418785
2021-01-28 00:00:00,25557.835712450076,26640.880530846713
2021-01-28 12:00:00,26036.13414879067,26958.570830091932
2021-01-29 00:00:00,27405.36713483931,29138.987624522066
2021-01-29 12:00:00,29157.711827998333,31459.915076154943
2021-01-30 00:00:00,27749.193350213915,28505.453756257393
2021-01-30 12:00:00,28032.359133322505,28455.06519145575
2021-01-31 00:00:00,27717.4766287417,29190.32633988876
2021-01-31 12:00:00,27353.24080272097,27783.54894230576
2021-02-01 00:00:00,28291.78180138696,30803.721185928625
2021-02-01 12:00:00,27807.622084076706,31007.504066766593
2021-02-02 00:00:00,27927.913036908027,28977.87683097095
2021-02-02 12:00:00,29200.530555028436,30102.84469230967
2021-02-03 00:00:00,29082.525748343243,29963.175518401575
2021-02-03 12:00:00,29457.15818908351,31313.94954561031
2021-02-04 00:00:00,30123.84134153139,31914.455877599186
2021-02-04 12:00:00,30333.038605788955,31621.44330523339
2021-02-05 00:00:00,30393.39621732509,31626.006639488874
2021-02-05 12:00:00,30481.51107191662,31856.911367572608
2021-02-06 00:00:00,30616.445229707282,33453.39880818855
2021-02-06 12:00:00,32230.460244883026,34761.39126988902
2021-02-07 00:00:00,32499.582184661576,33525.01627412454
2021-02-07 12:00:00,32295.236491270414,32647.716962789804
2021-02-08 00:00:00,32167.036249359844,33028.404176571894
2021-02-08 12:00:00,32678.19087976869,37301.156084934664
2021-02-09 00:00:00,37670.57647216656,38631.81182918563
2021-02-09 12:00:00,36617.90508206216,38539.484247796514
2021-02-10 00:00:00,38092.45511855742,39141.434365543806
2021-02-10 12:00:00,37304.851843636054,39527.063395556695
2021-02-11 00:00:00,36948.00034348856,38201.23027980692
2021-02-11 12:00:00,37650.65933057025,39636.34935446357
2021-02-12 00:00:00,39154.50098232457,39591.655463445466
2021-02-12 12:00:00,39141.97755071251,39263.06470979006
2021-02-13 00:00:00,38659.966344821136,39610.55673409255
2021-02-13 12:00:00,38489.180417612915,39399.646588603595
2021-02-14 00:00:00,38337.29320868788,40637.75670719422
2021-02-14 12:00:00,39480.48624739269,40931.046529996966
2021-02-15 00:00:00,39555.81939338183,41894.874976672334
2021-02-15 12:00:00,39613.19657002952,39609.658648600154
2021-02-16 00:00:00,40064.449963867984,40443.09925573119
2021-02-16 12:00:00,40246.87959201187,41183.49525719783
2021-02-17 00:00:00,39582.663193156106,42326.11217583508
2021-02-17 12:00:00,41861.17727982952,43364.621234574355
2021-02-18 00:00:00,42290.55700312506,43124.69600683189
2021-02-18 12:00:00,42405.355150742296,43893.285183949774
2021-02-19 00:00:00,42242.58569037081,43883.058057328846
2021-02-19 12:00:00,41998.338696678176,46239.73178642484
2021-02-20 00:00:00,45573.34907637577,46539.84200712879
2021-02-20 12:00:00,45849.57409959637,46652.301753135755
2021-02-21 00:00:00,45803.14153686081,47275.97078945743
2021-02-21 12:00:00,45741.09657712232,47492.32278940816
2021-02-22 00:00:00,45253.64199065649,47941.35710136941
2021-02-22 12:00:00,42569.22972680443,45989.59162943461
2021-02-23 00:00:00,41680.85583783973,45037.22078184833
2021-02-23 12:00:00,38862.18445703637,41220.656065277995
2021-02-24 00:00:00,39253.95098035367,41787.848684572404
2021-02-24 12:00:00,40523.464538193,41478.737198306015
2021-02-25 00:00:00,40185.52067236169,41963.188602307746
2021-02-25 12:00:00,38887.53356334695,41871.767230644684
2021-02-26 00:00:00,38393.15264781655,40832.22952364724
2021-02-26 12:00:00,37543.527490372544,39189.03141884146
2021-02-27 00:00:00,37470.99716891771,39367.52861462413
2021-02-27 12:00:00,38433.78156500378,39989.73032307317
2021-02-28 00:00:00,37715.80823894089,38596.79411361873
2021-02-28 12:00:00,36935.25153314882,38177.56295279744
2021-03-01 00:00:00,37046.9367077979,39419.63142484805
2021-03-01 12:00:00,39618.6430811445,41260.18884152908
2021-03-02 00:00:00,40649.72576052793,40897.91116039543
2021-03-02 12:00:00,40250.02721047339,41486.73231235076
2021-03-03 00:00:00,40673.27142185758,42898.939603044266
2021-03-03 12:00:00,42047.72786579609,43665.934797465976
2021-03-04 00:00:00,41126.03883219756,42332.23769988515
2021-03-04 12:00:00,40426.32025998114,41961.40665275895
2021-03-05 00:00:00,39871.2853170908,42186.62273717099
2021-03-05 12:00:00,40349.08532337588,41016.14723042474
2021-03-06 00:00:00,40322.00454770953,40757.00894856296
2021-03-06 12:00:00,39729.54588352046,41825.6680009817
2021-03-07 00:00:00,39858.9412320539,42508.520377521476
2021-03-07 12:00:00,42292.423698019,43389.65849585596
2021-03-08 00:00:00,42643.25667938746,43547.85286578912
2021-03-08 12:00:00,42838.31643461449,44157.752085802575
2021-03-09 00:00:00,43096.71862367744,45563.91540351839
2021-03-09 12:00:00,46126.59274808121,46175.870928077566
2021-03-10 00:00:00,46206.65611056464,46496.89738704877
2021-03-10 12:00:00,46030.01811620685,46942.67034815135
2021-03-11 00:00:00,46507.28377647698,47146.52151246122
2021-03-11 12:00:00,46479.79986220005,48049.074561147056
2021-03-12 00:00:00,47109.61396336937,48494.704071325716
2021-03-12 12:00:00,46689.294028015174,48183.57439089845
2021-03-13 00:00:00,46708.64609566043,49523.09099183157
2021-03-13 12:00:00,48172.7741444702,50253.58683262835
2021-03-14 00:00:00,48119.56705753991,50471.50949037956
2021-03-14 12:00:00,48097.140862230386,49752.059680791375
2021-03-15 00:00:00,47438.36253516083,49436.366242935335
2021-03-15 12:00:00,46355.075850795256,47865.698589080304
2021-03-16 00:00:00,46160.69295718424,47290.966530410005
2021-03-16 12:00:00,45930.18200070736,47829.561182652214
2021-03-17 00:00:00,46372.74973223962,48639.56066415777
2021-03-17 12:00:00,46108.38685624149,48427.249493545765
2021-03-18 00:00:00,48142.543204161695,49078.54055008665
2021-03-18 12:00:00,47590.12543433299,48498.65507435875
2021-03-19 00:00:00,46433.90366472904,49493.1450344887
2021-03-19 12:00:00,48240.4384401483,49513.455953198
2021-03-20 00:00:00,46780.7411072464,49876.27792019439
2021-03-20 12:00:00,49105.46773993311,49696.809552576946
2021-03-21 00:00:00,46986.06368503877,49327.503818311154
2021-03-21 12:00:00,45709.30616513479,48521.10469309291
2021-03-22 00:00:00,46927.44034407813,48494.97590948978
2021-03-22 12:00:00,45636.65037947347,48334.93930014527
2021-03-23 00:00:00,45720.38829833721,46936.046262894204
2021-03-23 12:00:00,45946.18643421859,46423.45047819135
2021-03-24 00:00:00,45528.00577357772,47837.06050790199
2021-03-24 12:00:00,44954.98197066089,48150.53402409606
2021-03-25 00:00:00,42639.280361319485,45313.42488177712
2021-03-25 12:00:00,42406.094385838725,44726.41401884371
2021-03-26 00:00:00,43061.05858975111,44970.31092361154
2021-03-26 12:00:00,42328.07302171825,46746.62640284357
2021-03-27 00:00:00,46234.50212556341,46531.90769451676
2021-03-27 12:00:00,46478.65158364668,47352.09974423899
2021-03-28 00:00:00,46655.33593644601,47409.02611206057
2021-03-28 12:00:00,46888.616608636934,47621.15199133454
2021-03-29 00:00:00,46955.45176059098,48850.87366831979
2021-03-29 12:00:00,48436.844282978556,49265.496440019844
2021-03-30 00:00:00,48148.07252575658,50451.04079925801
2021-03-30 12:00:00,50128.72237077232,50337.81526069695
2021-03-31 00:00:00,49814.39940361468,50128.73689853106
2021-03-31 12:00:00,49914.14976191866,50073.622647853204
2021-04-01 00:00:00,48353.23514295983,49959.53179551718
2021-04-01 12:00:00,48541.58451439334,50117.230493893694
2021-04-02 00:00:00,49039.611019810385,50614.78300004917
2021-04-02 12:00:00,49288.061670133946,50409.63492825319
2021-04-03 00:00:00,49391.771146681494,50822.36844957901
2021-04-03 12:00:00,48713.20873814451,50250.58322606792
2021-04-04 00:00:00,48584.07419793937,49077.726743674866
2021-04-04 12:00:00,48078.469590524626,49586.5840127059
2021-04-05 00:00:00,49231.45517611018,50484.37445976927
2021-04-05 12:00:00,48518.64876198594,49792.93376133312
2021-04-06 00:00:00,48885.62999899611,50732.33221346171
2021-04-06 12:00:00,48978.51230589555,49962.52900824275
2021-04-07 00:00:00,47596.75650590355,49027.1268554551
2021-04-07 12:00:00,46796.68898445242,47955.3757493664
2021-04-08 00:00:00,47184.31656466677,48359.53549296901
2021-04-08 12:00:00,47312.71529990986,48836.34675514567
2021-04-09 00:00:00,48143.95680675318,50041.19489614572
2021-04-09 12:00:00,48962.047892108836,49961.75991144366
2021-04-10 00:00:00,48915.85329561313,50363.43281806553
2021-04-10 12:00:00,49543.03653289142,50369.20990968585
2021-04-11 00:00:00,49309.395152247926,50281.31938512968
2021-04-11 12:00:00,48344.42768885723,50388.32236959699
2021-04-12 00:00:00,48325.67610177974,50625.433555264615
2021-04-12 12:00:00,50207.079774965736,50462.012259591276
2021-04-13 00:00:00,50169.58158199444,51464.369333013914
2021-04-13 12:00:00,51744.37681285221,53218.616764096056
2021-04-14 00:00:00,53084.68951524951,54078.01895472733
2021-04-14 12:00:00,52694.030605239466,53429.29506333931
2021-04-15 00:00:00,51684.65986281366,54206.96025650656
2021-04-15 12:00:00,50664.629775821835,52866.71095489596
2021-04-16 00:00:00,51227.751334275716,53328.15361937441
2021-04-16 12:00:00,49619.71742609269,51473.00420030022
2021-04-17 00:00:00,49615.30360247059,52348.74775769377
2021-04-17 12:00:00,50052.42438155791,52185.901708644626
2021-04-18 00:00:00,48403.47283604611,51575.923547041915
2021-04-18 12:00:00,43948.67346380709,47240.931684540585
2021-04-19 00:00:00,46123.71862883802,47857.218927183254
2021-04-19 12:00:00,46304.726022896306,47637.346316049065
2021-04-20 00:00:00,45229.46614913284,47174.53242090569
2021-04-20 12:00:00,45684.06473303779,47049.924796260486
2021-04-21 00:00:00,45520.040297337226,47368.4318585992
2021-04-21 12:00:00,44721.010349770266,46123.64273842556
2021-04-22 00:00:00,41891.05374097327,45572.0975659533
2021-04-22 12:00:00,44129.978393748155,45390.500352864576
2021-04-23 00:00:00,41659.766059921465,43874.3884634614
2021-04-23 12:00:00,41209.70296445015,42673.46051576925
2021-04-24 00:00:00,40917.531450386276,42717.33980400832
2021-04-24 12:00:00,40562.57694441553,41935.74316518974
2021-04-25 00:00:00,41223.46742685821,43107.20298580527
2021-04-25 12:00:00,39889.389893333915,41758.65824232453
2021-04-26 00:00:00,40249.852079085256,43136.16731005316
2021-04-26 12:00:00,42573.87216389531,44795.08364040986
2021-04-27 00:00:00,43070.59884675655,45703.36959516693
2021-04-27 12:00:00,45521.64848660914,46191.957703326225
2021-04-28 00:00:00,45532.33051669985,45508.897729269855
2021-04-28 12:00:00,45484.663434817645,45734.33137798242
2021-04-29 00:00:00,43675.83229564097,45301.84938291234
2021-04-29 12:00:00,43871.4474738361,45204.615503766014
2021-04-30 00:00:00,44258.53069174388,45266.193403849924
2021-04-30 12:00:00,43934.21565472218,46342.5575077484
2021-05-01 00:00:00,47773.129288815486,48099.43928431617
2021-05-01 12:00:00,47474.22897243217,48029.7838991974
2021-05-02 00:00:00,47621.08195715706,48212.765288779214
2021-05-02 12:00:00,47213.43616981703,47832.73855996338
2021-05-03 00:00:00,46226.13821259178,48788.287808758694
2021-05-03 12:00:00,47420.13317419564,48847.29483649275
2021-05-04 00:00:00,45989.93866470189,47922.09982007761
2021-05-04 12:00:00,45107.98461540471,47398.01630576935
2021-05-05 00:00:00,43114.31744938527,45960.90396832564
2021-05-05 12:00:00,45754.6901311639,47797.17535436264
2021-05-06 00:00:00,47059.37883088538,48163.34792624949
2021-05-06 12:00:00,46801.8121743761,47657.641045534874
2021-05-07 00:00:00,46791.21897110582,46976.969930962645
2021-05-07 12:00:00,46609.12373867649,47359.77234792653
2021-05-08 00:00:00,46590.42311330773,48469.00383294146
2021-05-08 12:00:00,47305.479368407054,48523.9118734468
2021-05-09 00:00:00,47811.322703046884,48840.49765367164
2021-05-09 12:00:00,47589.8920437048,48551.23736652396
2021-05-10 00:00:00,47965.23447523491,48509.2753526714
2021-05-10 12:00:00,46848.53227169984,48588.25047884214
2021-05-11 00:00:00,46051.70475888966,47885.714766324825
2021-05-11 12:00:00,45918.561132469535,46811.82157538371
2021-05-12 00:00:00,46549.32520176757,46963.55369307948
2021-05-12 12:00:00,45359.8765860154,47071.97197466625
2021-05-13 00:00:00,41323.73252136783,42954.94423842819
2021-05-13 12:00:00,41183.176164936165,42917.59425138054
2021-05-14 00:00:00,41251.651113065636,42331.83854314477
2021-05-14 12:00:00,41172.183402785166,42815.52269421094
2021-05-15 00:00:00,40373.47667076344,42731.3487066482
2021-05-15 12:00:00,38631.04583475754,42232.986607336075
2021-05-16 00:00:00,38445.181231915056,40472.642213244675
2021-05-16 12:00:00,38323.57640747641,41376.383311818434
2021-05-17 00:00:00,37659.39646742408,39830.92751854786
2021-05-17 12:00:00,35887.90851971872,38307.760347504154
2021-05-18 00:00:00,35651.12080017402,37200.254788887854
2021-05-18 12:00:00,35511.85407015292,37702.18631168311
2021-05-19 00:00:00,32450.073860929464,35553.77790436938
2021-05-19 12:00:00,30135.29253739529,33431.70871556113
2021-05-20 00:00:00,30385.52755871489,33204.198427148745
2021-05-20 12:00:00,31974.31087589834,33473.95740825921
2021-05-21 00:00:00,31297.229082695103,33768.647726245
2021-05-21 12:00:00,31102.459446315148,33064.476725054636
2021-05-22 00:00:00,30207.611629720952,31465.450579335302
2021-05-22 12:00:00,30110.01673375599,31074.362539573645
2021-05-23 00:00:00,29202.157043439227,29930.572946057917
2021-05-23 12:00:00,28574.04951216847,32194.13003988519
2021-05-24 00:00:00,28930.994673008532,30647.180096906555
2021-05-24 12:00:00,29530.516159247287,31934.664172580655
2021-05-25 00:00:00,29873.395545763567,32424.430368427158
2021-05-25 12:00:00,29075.246249268544,31383.634819249113
2021-05-26 00:00:00,29918.294141724302,32659.437057075967
2021-05-26 12:00:00,31645.12509889332,32629.896040954623
2021-05-27 00:00:00,31740.684496425714,32605.28000319315
2021-05-27 12:00:00,31615.308906880822,33070.67503833662
2021-05-28 00:00:00,29362.06650433519,31902.21673696812
2021-05-28 12:00:00,29349.498870331372,30020.340912013064
2021-05-29 00:00:00,29135.804851033346,30342.655732363135
2021-05-29 12:00:00,28363.86825251932,29780.473175014955
2021-05-30 00:00:00,28400.696072317933,29799.65277765686
2021-05-30 12:00:00,28415.361888980147,30676.575090809496
2021-05-31 00:00:00,28688.53616463099,30322.667203292818
2021-05-31 12:00:00,29608.521251177874,30708.02724752108
2021-06-01 00:00:00,29957.20526786883,32270.093632141903
2021-06-01 12:00:00,29406.053330808365,31587.504333426532
2021-06-02 00:00:00,29635.030859608458,30538.546480120254
2021-06-02 12:00:00,29740.053654719413,30796.813091854365
2021-06-03 00:00:00,29624.9988397955,31748.247390929904
2021-06-03 12:00:00,31018.71613154906,32746.515768995563
2021-06-04 00:00:00,30775.263044833606,32948.82958145674
2021-06-04 12:00:00,30177.99151500056,31283.041339593252
2021-06-05 00:00:00,29613.55406691498,31431.010928675834
2021-06-05 12:00:00,29067.65253173586,29785.079128205747
2021-06-06 00:00:00,29375.40857978236,30085.939423672982
2021-06-06 12:00:00,28878.090678593915,30358.052454236848
2021-06-07 00:00:00,28325.21264696056,30543.20209370871
2021-06-07 12:00:00,28044.35994898093,30708.842718588432
2021-06-08 00:00:00,27220.15833037205,28655.080285726242
2021-06-08 12:00:00,27456.561289717934,28507.24397118804
2021-06-09 00:00:00,27985.53784101253,28733.486126049847
2021-06-09 12:00:00,28384.367657795883,30598.942145937446
2021-06-10 00:00:00,29644.767745052002,31107.569727408565
2021-06-10 12:00:00,30171.86670162373,31406.042295163934
2021-06-11 00:00:00,29695.12221887245,30820.21515754279
2021-06-11 12:00:00,30425.523593563004,30915.760381565568
2021-06-12 00:00:00,29533.033351930382,31006.71027597442
2021-06-12 12:00:00,29442.627358893624,29713.491235935704
2021-06-13 00:00:00,29491.266971235797,29919.661047481273
2021-06-13 12:00:00,28953.961685853596,31960.55691397768
2021-06-14 00:00:00,30360.55593626841,32900.09080589021
2021-06-14 12:00:00,31256.19755272819,33407.28130066446
2021-06-15 00:00:00,32393.541571830614,34924.74893489344
2021-06-15 12:00:00,32814.55196440929,33314.58174926994
2021-06-16 00:00:00,32264.484728325817,33167.47158986472
2021-06-16 12:00:00,31906.509034663915,32752.733758525563
2021-06-17 00:00:00,30882.51959971812,32725.064573736938
2021-06-17 12:00:00,32018.093361037525,32016.556996129264
2021-06-18 00:00:00,31180.6046202168,32756.873631104558
2021-06-18 12:00:00,30287.849976530575,32106.703736740605
2021-06-19 00:00:00,30047.285206430985,30475.48483296593
2021-06-19 12:00:00,29991.1055504284,30583.689567052552
2021-06-20 00:00:00,28659.071596636273,29654.378288668027
2021-06-20 12:00:00,28840.751483301116,29971.795480007768
2021-06-21 00:00:00,27648.796490953882,29904.74685774669
2021-06-21 12:00:00,26703.98973216963,28393.485029861342
2021-06-22 00:00:00,26225.83857314782,27620.892126645733
2021-06-22 12:00:00,26489.645576153696,27463.641638460504
2021-06-23 00:00:00,27227.624758546197,28431.09689890278
2021-06-23 12:00:00,28234.90952380904,29178.098343726422
2021-06-24 00:00:00,27283.478012409392,28365.18485097844
2021-06-24 12:00:00,27678.328638647705,29054.21136489819
2021-06-25 00:00:00,28379.76175693832,29866.578510493822
2021-06-25 12:00:00,26623.14017781029,28126.34559738274
2021-06-26 00:00:00,26482.93380856896,26836.427551827543
2021-06-26 12:00:00,26890.803953998045,27394.487493236724
2021-06-27 00:00:00,27531.073550083962,27939.63123626277
2021-06-27 12:00:00,27836.08360384694,28710.499924458516
2021-06-28 00:00:00,28571.54615613594,29241.64951836297
2021-06-28 12:00:00,28842.70939292544,29578.117976641304
2021-06-29 00:00:00,28728.153282295953,29929.292063348254
2021-06-29 12:00:00,29235.100549000483,30433.033842040364
2021-06-30 00:00:00,29337.340685318028,30338.16227509967
2021-06-30 12:00:00,29559.384547788097,29620.15051705984
2021-07-01 00:00:00,28776.610218851292,31004.20341304819
2021-07-01 12:00:00,28070.756718139866,31239.20037938715
2021-07-02 00:00:00,27952.01969190193,28987.567880244285
2021-07-02 12:00:00,28317.307953975047,28466.52276834795
2021-07-03 00:00:00,28511.36167772469,29197.803591431802
2021-07-03 12:00:00,28710.3066023053,29953.561351776192
2021-07-04 00:00:00,28635.1980024326,29858.117043022627
2021-07-04 12:00:00,29189.687263653013,30775.455557286572
2021-07-05 00:00:00,28493.49842158546,30611.76987054854
2021-07-05 12:00:00,27826.349360756896,28417.45184669052
2021-07-06 00:00:00,27877.855229720742,29006.734282891586
2021-07-06 12:00:00,28848.704699043727,29717.50321149552
2021-07-07 00:00:00,28421.606697361978,30008.97887629291
2021-07-07 12:00:00,28567.79539690441,29772.54047717327
2021-07-08 00:00:00,27794.526265800196,30196.93854932702
2021-07-08 12:00:00,27391.408134422298,28413.837118217147
2021-07-09 00:00:00,27565.200440036755,28475.015323309548
2021-07-09 12:00:00,27551.088157420763,28485.068062952792
2021-07-10 00:00:00,28460.615563344574,29205.049151135365
2021-07-10 12:00:00,28269.385206601368,29193.61817119943
2021-07-11 00:00:00,27176.753334735553,28525.295532046974
2021-07-11 12:00:00,28858.73287338087,29141.171039886893
2021-07-12 00:00:00,28214.213244625946,29882.092073167678
2021-07-12 12:00:00,27661.54020469273,28993.64477426306
2021-07-13 00:00:00,27897.34149755835,28241.700938305148
2021-07-13 12:00:00,27958.792196045553,28254.76454448032
2021-07-14 00:00:00,27870.196519898684,28492.68418631014
2021-07-14 12:00:00,27902.35122845335,28425.16973354526
2021-07-15 00:00:00,27313.529651791614,28351.989608654425
2021-07-15 12:00:00,27345.922768536966,28270.95518137163
2021-07-16 00:00:00,26990.679731104006,28262.663571282188
2021-07-16 12:00:00,26672.97953115391,27752.33106078558
2021-07-17 00:00:00,26452.82436411045,26926.370417608152
2021-07-17 12:00:00,26712.92299037049,27398.00634188589
2021-07-18 00:00:00,26441.483810928046,27430.255505610116
2021-07-18 12:00:00,27198.00885635103,27641.097548305726
2021-07-19 00:00:00,26737.439328100983,27612.667889373788
2021-07-19 12:00:00,26212.79065143789,26983.894595932772
2021-07-20 00:00:00,25554.61123181899,27192.775104241544
2021-07-20 12:00:00,25360.198284068952,26797.217811909242
2021-07-21 00:00:00,25439.09196204535,27104.12562899709
2021-07-21 12:00:00,27162.146621268737,27928.164703129594
2021-07-22 00:00:00,27087.281133778313,28065.3207050452
2021-07-22 12:00:00,27316.01944790639,27862.815568775168
2021-07-23 00:00:00,27213.929837542506,28427.613090486648
2021-07-23 12:00:00,27692.03483969289,28452.6598721618
2021-07-24 00:00:00,28753.24331202153,29889.866994490952
2021-07-24 12:00:00,28925.579132838895,29388.33655697051
2021-07-25 00:00:00,29456.89553315953,29571.181056253394
2021-07-25 12:00:00,29571.788151308832,30323.094585228417
2021-07-26 00:00:00,29831.937218261446,31966.13579161544
2021-07-26 12:00:00,31731.290263886596,32921.71363077946
2021-07-27 00:00:00,31071.936214648285,32705.257227458154
2021-07-27 12:00:00,32321.792654126744,33690.301555945865
2021-07-28 00:00:00,32684.455708348,34673.039642690455
2021-07-28 12:00:00,33114.07987351515,34953.877616850565
2021-07-29 00:00:00,33049.72985250664,35039.54261653964
2021-07-29 12:00:00,33130.72756406938,34476.377571128854
2021-07-30 00:00:00,32893.766627148834,35839.14994217753
2021-07-30 12:00:00,32856.49458507025,35648.787081656075
2021-07-31 00:00:00,35508.0463268029,36685.523046514565
2021-07-31 12:00:00,35258.96647918422,35878.743338170985
2021-08-01 00:00:00,35431.90284587937,36724.69390922904
2021-08-01 12:00:00,34603.612302967565,35542.897955875625
2021-08-02 00:00:00,33399.61498250395,35337.22095760489
2021-08-02 12:00:00,32931.31852493099,35196.297633164526
2021-08-03 00:00:00,32729.58043211018,34591.02173608736
2021-08-03 12:00:00,32510.52009335791,35155.62156144356
2021-08-04 00:00:00,31956.0780718319,34815.49831661994
2021-08-04 12:00:00,32483.90638199882,34936.58311137993
2021-08-05 00:00:00,32571.562672776476,35678.64035064223
2021-08-05 12:00:00,32389.693790985762,34475.87828847441
2021-08-06 00:00:00,33355.338965488474,34983.73161629463
2021-08-06 12:00:00,33789.20302404555,36606.82836397141
2021-08-07 00:00:00,36800.136760023044,37868.43604211589
2021-08-07 12:00:00,36997.436869821075,38420.37655451414
2021-08-08 00:00:00,37975.708506772746,39404.67276020986
2021-08-08 12:00:00,37880.26902050688,39484.97262172092
2021-08-09 00:00:00,37331.75019415339,39576.10308234903
2021-08-09 12:00:00,39244.226408865194,39915.86206227823
2021-08-10 00:00:00,39217.730780877006,39814.52287284965
2021-08-10 12:00:00,38637.859152133824,39394.50998103244
2021-08-11 00:00:00,39072.97790374511,39774.18935601594
2021-08-11 12:00:00,39433.98130429894,40315.02717210941
2021-08-12 00:00:00,38848.414486751746,39353.522807373454
2021-08-12 12:00:00,38480.97752222512,39200.55027373715
2021-08-13 00:00:00,38313.836583387034,39891.65073840496
2021-08-13 12:00:00,39644.34443205695,40940.33254778344
2021-08-14 00:00:00,40182.2585412996,41143.97992836537
2021-08-14 12:00:00,39722.85646784181,40966.457161258724
2021-08-15 00:00:00,39506.37538871179,40872.702619822405
2021-08-15 12:00:00,39797.438006726305,40222.92599039074
2021-08-16 00:00:00,39409.708395983114,41123.164749217154
2021-08-16 12:00:00,39632.666438752225,41212.24602666838
2021-08-17 00:00:00,39211.7585100414,40600.31459650858
2021-08-17 12:00:00,38737.82164809224,40238.33069018319
2021-08-18 00:00:00,38666.68309258469,38942.420497595136
2021-08-18 12:00:00,38655.059705570166,39282.37949565768
2021-08-19 00:00:00,38321.81334087655,39631.09676414096
2021-08-19 12:00:00,37997.642111111425,39904.64191092447
2021-08-20 00:00:00,38819.125065173874,40392.505099814116
2021-08-20 12:00:00,39213.47713460457,41951.61129252198
2021-08-21 00:00:00,41579.512782867576,41911.56789547934
2021-08-21 12:00:00,41547.392163410455,41996.73665380556
2021-08-22 00:00:00,42034.95375418362,42286.30643196531
2021-08-22 12:00:00,41857.4740601671,42512.10249087666
2021-08-23 00:00:00,41959.30222782944,43158.35965514781
2021-08-23 12:00:00,42584.3180220981,43431.98430769715
2021-08-24 00:00:00,42506.49857724372,43495.24748429238
2021-08-24 12:00:00,41116.52100480572,42368.97976488517
2021-08-25 00:00:00,40841.146995656236,41987.566102540106
2021-08-25 12:00:00,40577.92909859315,42171.53409542792
2021-08-26 00:00:00,40824.393432633144,41947.95922396891
2021-08-26 12:00:00,40459.68081991336,41456.871106970764
2021-08-27 00:00:00,40178.9672186015,41172.78592157793
2021-08-27 12:00:00,39942.22768014909,41954.29830994716
2021-08-28 00:00:00,41314.27745465085,41889.38513957403
2021-08-28 12:00:00,41354.31912323294,41746.68853360782
2021-08-29 00:00:00,41281.147668627986,41881.22758389965
2021-08-29 12:00:00,41005.21559843133,41786.62845246558
2021-08-30 00:00:00,41140.99277810853,41532.871091662375
2021-08-30 12:00:00,40346.404554156376,41587.38975025206
2021-08-31 00:00:00,39642.801617869445,41490.63705403361
2021-08-31 12:00:00,40214.43100853451,40828.70390436826
2021-09-01 00:00:00,39104.86531286144,42075.73419552172
2021-09-01 12:00:00,39540.04418923815,41520.07563461249
2021-09-02 00:00:00,42072.528443423784,42345.02519065879
2021-09-02 12:00:00,41940.49976460414,42321.623347564586
2021-09-03 00:00:00,41966.62655014283,42456.09096918899
2021-09-03 12:00:00,42183.90273972761,42937.17915700548
2021-09-04 00:00:00,42314.28100587191,42897.30041449403
2021-09-04 12:00:00,42106.7483761642,42483.33328801079
2021-09-05 00:00:00,42027.950600816715,42591.697329623916
2021-09-05 12:00:00,42694.53997461306,43802.45595708795
2021-09-06 00:00:00,43235.67347747428,44765.80548526812
2021-09-06 12:00:00,42936.754842445866,45305.09298671547
2021-09-07 00:00:00,43009.575339403345,44815.612474905065
2021-09-07 12:00:00,41135.08253654988,43675.05723606845
2021-09-08 00:00:00,39872.65877998319,42133.22630631828
2021-09-08 12:00:00,39342.66065120384,40339.6042968919
2021-09-09 00:00:00,39681.533382899615,39677.16324590991
2021-09-09 12:00:00,39626.34810548933,39656.75289284309
2021-09-10 00:00:00,39064.25780317837,39674.094543619794
2021-09-10 12:00:00,38308.42120205029,39739.89283709912
2021-09-11 00:00:00,38075.425875583955,39297.61614368833
2021-09-11 12:00:00,38475.14258319769,39702.73187339792
2021-09-12 00:00:00,38645.839915914315,39436.825110572325
2021-09-12 12:00:00,39169.25771258988,39824.152811292566
2021-09-13 00:00:00,38409.97183204293,39312.5420607703
2021-09-13 12:00:00,38241.93398307237,38768.25606490043
2021-09-14 00:00:00,38437.58474536868,39364.82212680003
2021-09-14 12:00:00,38915.20231228877,40266.00010619635
2021-09-15 00:00:00,39672.942610352206,40531.66930328975
2021-09-15 12:00:00,40696.79173539932,40959.03134757341
2021-09-16 00:00:00,40683.741110320116,41619.17938934711
2021-09-16 12:00:00,40740.10039154923,41883.42941167792
2021-09-17 00:00:00,40396.92547195131,41816.56027912546
2021-09-17 12:00:00,39515.85593360908,41850.33710334133
2021-09-18 00:00:00,38992.37346177702,41350.83916250996
2021-09-18 12:00:00,41075.59573340109,41564.17744203508
2021-09-19 00:00:00,40481.76098610216,41403.310181528905
2021-09-19 12:00:00,40121.74672751704,41473.970713952396
2021-09-20 00:00:00,38477.05333127279,41230.35551585106
2021-09-20 12:00:00,36569.252546994234,38656.48169205181
2021-09-21 00:00:00,36169.636889349065,37418.66380110061
2021-09-21 12:00:00,35113.426416437935,37750.33226553025
2021-09-22 00:00:00,32647.74756089712,36020.084612726874
2021-09-22 12:00:00,35032.84455662148,37258.31921684258
2021-09-23 00:00:00,36550.276880599835,38304.14075030139
2021-09-23 12:00:00,37059.008330363686,38497.00992794049
2021-09-24 00:00:00,36662.61950874141,39252.07228683555
2021-09-24 12:00:00,35348.59677709022,36789.58178553711
2021-09-25 00:00:00,36501.52604877003,38017.68225210825
2021-09-25 12:00:00,35924.791228267975,37558.46597240002
2021-09-26 00:00:00,36580.1575921885,37632.70495055191
2021-09-26 12:00:00,36912.989925625145,37315.25957159177
2021-09-27 00:00:00,36942.824563268194,37531.50833443875
2021-09-27 12:00:00,36201.40883383189,38379.900314578954
2021-09-28 00:00:00,35781.35064660086,37654.710328848516
2021-09-28 12:00:00,35413.75105466548,37856.46437040236
2021-09-29 00:00:00,34953.80045363155,36477.57740775697
2021-09-29 12:00:00,35935.86546072113,37876.13648309037
2021-09-30 00:00:00,36055.34011474848,37237.10695064056
2021-09-30 12:00:00,37214.73672189163,37830.464830353216
2021-10-01 00:00:00,37021.71650450092,40455.810025138395
2021-10-01 12:00:00,38553.20730736684,41571.7199435489
2021-10-02 00:00:00,41119.15498807364,41309.379767344624
2021-10-02 12:00:00,39995.33848778102,41492.26718662231
2021-10-03 00:00:00,40355.489919271844,41718.98782863703
2021-10-03 12:00:00,40869.675829340886,41593.217958944486
2021-10-04 00:00:00,40913.36846596788,41521.03226599872
2021-10-04 12:00:00,40258.33584057651,42266.3119227173
2021-10-05 00:00:00,41796.212254035665,42960.020221483486
2021-10-05 12:00:00,42693.36648355647,44143.96928822962
2021-10-06 00:00:00,43505.920447893164,45748.684001427595
2021-10-06 12:00:00,43267.57902117493,46309.85308420501
2021-10-07 00:00:00,46495.50634288113,47542.10805336232
2021-10-07 12:00:00,46092.64429635318,47051.314581492166
2021-10-08 00:00:00,46644.655080185796,47380.447754662346
2021-10-08 12:00:00,46330.72957039457,47369.48524628177
2021-10-09 00:00:00,46924.18372541755,47680.436009450226
2021-10-09 12:00:00,46929.525451934474,47332.920414514294
2021-10-10 00:00:00,47128.927401410954,47748.18879275616
2021-10-10 12:00:00,47321.07887184335,48580.84921169194
2021-10-11 00:00:00,46949.78005510612,48628.335842769455
2021-10-11 12:00:00,48680.15687310688,49820.19639691133
2021-10-12 00:00:00,49057.40598809717,50248.87496362725
2021-10-12 12:00:00,48715.22311171604,50359.171262751115
2021-10-13 00:00:00,47931.882455067054,49287.59561832794
2021-10-13 12:00:00,47368.81003197203,49153.97137688901
2021-10-14 00:00:00,48819.71305425781,49749.63942138548
2021-10-14 12:00:00,49095.71632854895,49905.3362211935
2021-10-15 00:00:00,49773.3231897026,51191.46049443927
2021-10-15 12:00:00,50081.31376199824,52635.60291205017
2021-10-16 00:00:00,52534.65405714554,53144.252856277366
2021-10-16 12:00:00,52358.472819352864,52565.09723111945
2021-10-17 00:00:00,50323.53568730025,52441.38828189549
2021-10-17 12:00:00,50814.61538396891,53089.28540386508
2021-10-18 00:00:00,52348.867763203314,54008.5795994255
2021-10-18 12:00:00,51607.9525340763,53526.16946762393
2021-10-19 00:00:00,52909.62671437308,54402.30568192075
2021-10-19 12:00:00,53571.52930348516,55230.00508587432
2021-10-20 00:00:00,54858.625664633924,55560.53711727097
2021-10-20 12:00:00,54855.43483217529,56369.566336120806
2021-10-21 00:00:00,54677.40673831839,56618.44252624665
2021-10-21 12:00:00,54521.07313145278,56939.49948211489
2021-10-22 00:00:00,53745.91720179878,54579.12553587006
2021-10-22 12:00:00,53435.79841992308,54290.55176476318
2021-10-23 00:00:00,51502.41392822967,53031.59111108409
2021-10-23 12:00:00,52778.32345495039,53367.0071712309
2021-10-24 00:00:00,51913.933608304185,53581.99880905801
2021-10-24 12:00:00,51696.77065206098,52637.31845106713
2021-10-25 00:00:00,51732.83854839549,53527.049989338666
2021-10-25 12:00:00,53976.98117811176,54390.96712581114
2021-10-26 00:00:00,53734.1107525276,54733.95438716099
2021-10-26 12:00:00,53342.37166105518,54574.760208309715
2021-10-27 00:00:00,50773.889127890136,53186.45157884406
2021-10-27 12:00:00,50438.05173906659,51340.46901699946
2021-10-28 00:00:00,50282.037060942355,51851.36049395503
2021-10-28 12:00:00,51984.65636403026,53585.37107161232
2021-10-29 00:00:00,50731.21444628602,53300.5657515453
2021-10-29 12:00:00,51292.43532363461,53762.67352599455
2021-10-30 00:00:00,53163.787385358664,54128.427417887244
2021-10-30 12:00:00,52429.04093319805,53959.65596482665
2021-10-31 00:00:00,52340.99370247951,53352.07720123095
2021-10-31 12:00:00,51009.897791012925,53217.30507520404
2021-11-01 00:00:00,53249.365214939244,53698.37249184383
2021-11-01 12:00:00,52787.32426323765,54182.45800996822
2021-11-02 00:00:00,52249.63584460451,54504.640218838984
2021-11-02 12:00:00,53807.444248314554,54673.63238657639
2021-11-03 00:00:00,53987.39971955261,55748.1377271589
2021-11-03 12:00:00,54066.83639599939,55573.59486610442
2021-11-04 00:00:00,53521.663391306734,55438.09766117811
2021-11-04 12:00:00,53259.94450051612,54854.560895656636
2021-11-05 00:00:00,53223.165452417095,53555.513634290146
2021-11-05 12:00:00,53126.14871498764,53530.972821678195
2021-11-06 00:00:00,52554.62434166281,53785.85149753994
2021-11-06 12:00:00,52138.2017845216,53412.92340718267
2021-11-07 00:00:00,53851.059547574056,53976.56702815222
2021-11-07 12:00:00,54141.81750029747,55095.5823754823
2021-11-08 00:00:00,55565.68078230762,57325.50923655405
2021-11-08 12:00:00,55844.753818226745,58076.54820714794
2021-11-09 00:00:00,55610.08527350824,57957.22999285326
2021-11-09 12:00:00,55751.460772831386,57942.533821082405
2021-11-10 00:00:00,55544.05565813319,57662.579705630975
2021-11-10 12:00:00,55431.26828022744,57635.034311060415
2021-11-11 00:00:00,55373.8972219242,57772.44072331949
2021-11-11 12:00:00,55501.84614851341,57507.782309605725
2021-11-12 00:00:00,55405.73135192332,57520.959862252195
2021-11-12 12:00:00,55493.869298463214,57473.62655141472
2021-11-13 00:00:00,55405.73135192332,57573.39172807131
2021-11-13 12:00:00,55493.869298463214,57509.50878374334
2021-11-14 00:00:00,55405.73135192332,57573.39172807131
2021-11-14 12:00:00,55493.869298463214,57509.50878374334
2021-11-15 00:00:00,55407.78812617009,57475.3147554651
2021-11-15 12:00:00,55479.211603159405,57411.43181113713
2021-11-16 00:00:00,54362.6505882437,57105.103926132506
2021-11-16 12:00:00,53266.44362736826,54619.29725325181
2021-11-17 00:00:00,52787.58676603757,53550.11063388291
2021-11-17 12:00:00,52974.35617776229,53642.90895911265
2021-11-18 00:00:00,52437.28448951876,53920.44448416193
2021-11-18 12:00:00,50084.69505038631,52839.191709747356
2021-11-19 00:00:00,49930.85122172374,51778.23241249554
2021-11-19 12:00:00,49257.58697150501,51950.669526877515
2021-11-20 00:00:00,51225.88016882236,52718.22125465336
2021-11-20 12:00:00,51765.692948531076,52933.83005669414
2021-11-21 00:00:00,52494.86918062832,53319.049494451996
2021-11-21 12:00:00,51292.60405269226,52666.7774740671
2021-11-22 00:00:00,50749.55513304785,51700.76468622304
2021-11-22 12:00:00,50119.66372145608,50863.63608238127
2021-11-23 00:00:00,49983.27797476997,50619.41886706811
2021-11-23 12:00:00,49904.78423651225,51457.09990443882
2021-11-24 00:00:00,50006.770127918724,52362.113050800515
2021-11-24 12:00:00,50652.053894752695,51317.843691277485
2021-11-25 00:00:00,50457.18071197909,52142.46719077065
2021-11-25 12:00:00,50641.42276550605,52598.630429722776
2021-11-26 00:00:00,50557.23823611519,51984.986974188396
2021-11-26 12:00:00,47630.60969670396,48472.92004242473
2021-11-27 00:00:00,48354.689369000254,48570.679487454756
2021-11-27 12:00:00,48640.91343851328,49753.66947020556
2021-11-28 00:00:00,48318.836007642974,49526.195272626406
2021-11-28 12:00:00,47977.31989559585,50107.5144478604
2021-11-29 00:00:00,50472.68072560812,51557.77572502252
2021-11-29 12:00:00,50367.62996209992,51201.90271899922
2021-11-30 00:00:00,50193.351738958656,51647.811130784066
2021-11-30 12:00:00,50141.075309140164,51147.1868254418
2021-12-01 00:00:00,50523.37902324513,50498.70258048613
2021-12-01 12:00:00,49748.04375405748,50916.52357415432
2021-12-02 00:00:00,49720.12065671479,50403.83185917816
2021-12-02 12:00:00,50138.77518737925,50782.38698542814
2021-12-03 00:00:00,49256.05244443645,50433.21205085354
2021-12-03 12:00:00,48075.01740262126,50422.19443502187
2021-12-04 00:00:00,46917.657775097105,47933.911178017894
2021-12-04 12:00:00,42445.708819550666,43944.555590005984
2021-12-05 00:00:00,43012.61416723184,46035.944669286946
2021-12-05 12:00:00,42831.690283174496,46021.08591204357
2021-12-06 00:00:00,43043.58808764332,45976.44309419612
2021-12-06 12:00:00,42236.85812509591,44771.98077397254
2021-12-07 00:00:00,43252.651485593815,45767.096863264276
2021-12-07 12:00:00,45621.28944906172,45999.03870528883
2021-12-08 00:00:00,43659.6115290791,45147.059148146334
2021-12-08 12:00:00,42765.75823037801,44538.37736708947
2021-12-09 00:00:00,43532.650553711894,45088.6249328441
2021-12-09 12:00:00,42185.82966783045,44907.79451221314
2021-12-10 00:00:00,42362.48239938568,43198.26204162381
2021-12-10 12:00:00,41955.12457260311,43279.37558910153
2021-12-11 00:00:00,42418.61058123999,42853.15433458734
2021-12-11 12:00:00,42163.88983633629,43782.811616259954
2021-12-12 00:00:00,43115.32153416862,44334.85495901468
2021-12-12 12:00:00,42684.65327158689,44670.99704383965
2021-12-13 00:00:00,43251.933694280124,44951.35830287002
2021-12-13 12:00:00,41390.41864887521,43775.643611216394
2021-12-14 00:00:00,41994.63293395584,42192.57539675454
2021-12-14 12:00:00,41854.73664934428,42989.465176512305
2021-12-15 00:00:00,42668.52486637782,43325.65061056047
2021-12-15 12:00:00,42907.840679357345,43416.93780043506
2021-12-16 00:00:00,42838.43948080429,43476.85337077335
2021-12-16 12:00:00,42111.87454248456,45208.63220290882
2021-12-17 00:00:00,41640.69892756108,42632.536330684095
2021-12-17 12:00:00,41100.22365946879,42602.19073689971
2021-12-18 00:00:00,41325.81935913634,41932.1314389956
2021-12-18 12:00:00,41698.56099313252,42008.848083052806
2021-12-19 00:00:00,41867.29311579832,41993.23782226722
2021-12-19 12:00:00,41517.59754185549,41610.1412880089
2021-12-20 00:00:00,41153.20926160653,41881.41676509565
2021-12-20 12:00:00,40419.61485913629,42079.05163667191
2021-12-21 00:00:00,41535.10164908058,43057.92231739904
2021-12-21 12:00:00,42502.96505846289,43325.89901580349
2021-12-22 00:00:00,42907.07082187781,43483.75510245849
2021-12-22 12:00:00,42868.1020633611,44083.843424826584
2021-12-23 00:00:00,42360.96975585701,44221.34946534662
2021-12-23 12:00:00,42067.195034870696,44865.19067222695
2021-12-24 00:00:00,43328.53721340599,45066.804337138674
2021-12-24 12:00:00,43345.75255705455,45112.496960490535
2021-12-25 00:00:00,43592.87092346706,44897.19591785117
2021-12-25 12:00:00,43059.88267328014,44803.49773700303
2021-12-26 00:00:00,43337.24324853263,44395.90548100438
2021-12-26 12:00:00,43197.16966103476,44862.864771628956
2021-12-27 00:00:00,43720.07704753256,45366.32523719303
2021-12-27 12:00:00,43354.51259093932,45103.648646011636
2021-12-28 00:00:00,43436.3129477699,45048.136488621865
2021-12-28 12:00:00,42198.9328863525,44681.43966127921
2021-12-29 00:00:00,41735.50299095584,42756.641356185784
2021-12-29 12:00:00,40983.36458387692,42330.47930637949
2021-12-30 00:00:00,41693.063491647765,42018.127383741106
2021-12-30 12:00:00,41665.80542012336,42233.1021639712
2021-12-31 00:00:00,41858.96078446072,42395.05245895109
2021-12-31 12:00:00,41049.18269478922,42129.732682623144
2022-01-01 00:00:00,40022.67877152085,41552.161112997805
2022-01-01 12:00:00,39815.20816522719,42050.385336263455
2022-01-02 00:00:00,41584.30388531063,41772.99661072318
2022-01-02 12:00:00,41420.13905509168,41619.41343714155
2022-01-03 00:00:00,41383.26130209698,41730.77762432155
2022-01-03 12:00:00,40958.24251787474,41829.653101097596
2022-01-04 00:00:00,40322.45367849028,41502.6511874801
2022-01-04 12:00:00,40646.29419057981,41566.69885280279
2022-01-05 00:00:00,39916.48618524191,41129.71401194507
2022-01-05 12:00:00,38839.50295247938,41616.77712776415
2022-01-06 00:00:00,37951.20482874816,39335.589862847075
2022-01-06 12:00:00,36408.53872766642,38569.75788806441
2022-01-07 00:00:00,37379.75887848212,38614.50729519908
2022-01-07 12:00:00,36424.33258547129,37366.61825049632
2022-01-08 00:00:00,36564.821236204494,37106.56756821494
2022-01-08 12:00:00,36664.13598933582,37035.445135343296
2022-01-09 00:00:00,36866.19470265069,36897.41816865006
2022-01-09 12:00:00,36936.386728805825,37069.371896465316
2022-01-10 00:00:00,36707.74143872017,36990.57228926573
2022-01-10 12:00:00,36788.0711646427,37314.07245729612
2022-01-11 00:00:00,36902.727000084196,37071.64594271653
2022-01-11 12:00:00,36723.76957432118,37634.37496324746
2022-01-12 00:00:00,37507.41421101138,37815.86044986909
2022-01-12 12:00:00,37322.38803676855,38393.548489106244
2022-01-13 00:00:00,37845.41886201752,38282.34276297776
2022-01-13 12:00:00,37195.45449200605,38243.69494536968
2022-01-14 00:00:00,36750.98107971237,37580.53952930682
2022-01-14 12:00:00,36432.04312742386,37774.597140700665
2022-01-15 00:00:00,37258.023862391485,37766.046295567685
2022-01-15 12:00:00,37400.19512104562,37833.88609969466
2022-01-16 00:00:00,37706.02268602096,37727.25467957977
2022-01-16 12:00:00,37490.195672522335,37772.29421270329
2022-01-17 00:00:00,37391.11478105703,37814.55561072268
2022-01-17 12:00:00,37057.13985184167,37776.12456829404
2022-01-18 00:00:00,36807.95427704711,37546.31685320133
2022-01-18 12:00:00,36536.04215986344,37414.5232846001
2022-01-19 00:00:00,37007.84887084994,37616.944118742664
2022-01-19 12:00:00,36771.66028760433,37275.33150078315
2022-01-20 00:00:00,36459.2981197469,37449.66850722788
2022-01-20 12:00:00,36119.926891986346,37495.275565877804
2022-01-21 00:00:00,34357.06604035259,36039.761255257996
2022-01-21 12:00:00,32213.20132918423,35225.468870230674
2022-01-22 00:00:00,31354.372847429273,34286.094720173125
2022-01-22 12:00:00,30277.234546657834,32983.82441400673
2022-01-23 00:00:00,29953.85762480979,32799.51703949351
2022-01-23 12:00:00,30225.73912064498,32360.193881831052
2022-01-24 00:00:00,29845.469233527176,32190.74537603318
2022-01-24 12:00:00,29074.315356248662,32172.442117470062
2022-01-25 00:00:00,31488.56128775304,33222.50658470719
2022-01-25 12:00:00,31540.329453437924,33038.201677374505
2022-01-26 00:00:00,32614.259275758024,33843.09280103437
2022-01-26 12:00:00,32798.539051105254,34981.82929179503
2022-01-27 00:00:00,32894.354254956415,32910.8883806608
2022-01-27 12:00:00,33070.809676130106,33382.21549066511
2022-01-28 00:00:00,32854.6888579406,34037.16200321763
2022-01-28 12:00:00,33285.639837124065,35161.267046345834
2022-01-29 00:00:00,32911.43401676149,34954.73028754061
2022-01-29 12:00:00,33558.110389699454,34517.71507202027
2022-01-30 00:00:00,33786.91590479739,34602.44892331171
2022-01-30 12:00:00,33251.57817372463,34674.90551709616
2022-01-31 00:00:00,33514.7035691361,35552.769562646194
2022-01-31 12:00:00,32877.41955462325,34903.566659195385
2022-02-01 00:00:00,33589.41667938092,35839.2954956568
2022-02-01 12:00:00,33415.295542805674,35670.030281742685
2022-02-02 00:00:00,33477.90423646821,34927.99932281295
2022-02-02 12:00:00,32874.12993848934,33619.122015157736
2022-02-03 00:00:00,32640.167474844027,33912.781438529004
2022-02-03 12:00:00,32646.164707968568,34721.96568081691
2022-02-04 00:00:00,32880.27966051085,34603.56740083279
2022-02-04 12:00:00,32886.99924600574,36053.154596805376
2022-02-05 00:00:00,36077.4708609753,36255.88153167801
2022-02-05 12:00:00,36164.907291831165,36544.629958303834
2022-02-06 00:00:00,36309.19021846921,36346.0074098815
2022-02-06 12:00:00,36753.66662699334,36942.27771799534
2022-02-07 00:00:00,37400.61847539937,37877.54677332532
2022-02-07 12:00:00,37503.262344352275,38359.13083481113
2022-02-08 00:00:00,37924.27263196226,38650.228551529915
2022-02-08 12:00:00,37910.58545948597,38628.47211795895
2022-02-09 00:00:00,38297.645463549125,38634.30129463329
2022-02-09 12:00:00,37829.35322172562,38907.05674822444
2022-02-10 00:00:00,38115.48279034009,39136.59631676052
2022-02-10 12:00:00,38134.955760904,39162.439013420975
2022-02-11 00:00:00,38105.00013012621,38551.4367224334
2022-02-11 12:00:00,37406.70883026442,38480.69041835119
2022-02-12 00:00:00,36869.97855349353,37515.732693379054
2022-02-12 12:00:00,37136.33894138016,37421.81437699106
2022-02-13 00:00:00,37174.07364883033,37506.846581689315
2022-02-13 12:00:00,37049.37274657708,37514.12522714474
2022-02-14 00:00:00,37287.24113022571,37328.69604951641
2022-02-14 12:00:00,37104.677484205844,37648.90109461436
2022-02-15 00:00:00,37199.60831373043,38665.23342691077
2022-02-15 12:00:00,38754.29451141972,39460.244345396015
2022-02-16 00:00:00,38826.15651334418,39234.4120498098
2022-02-16 12:00:00,38473.244122583485,38834.064170375525
2022-02-17 00:00:00,37872.28126717326,38816.84013494673
2022-02-17 12:00:00,35850.59966476461,38818.34298227317
2022-02-18 00:00:00,35508.91936828402,36001.26585151741
2022-02-18 12:00:00,35353.92377362603,35382.403995454006
2022-02-19 00:00:00,35019.41103849471,35234.45137253097
2022-02-19 12:00:00,35041.30248072544,35240.75415187328
2022-02-20 00:00:00,34588.05508750838,35574.88801774596
2022-02-20 12:00:00,32614.817380342654,33992.98575554183
2022-02-21 00:00:00,32511.66691710044,34550.29304660286
2022-02-21 12:00:00,32336.235967575532,33527.99816208616
2022-02-22 00:00:00,32925.72272281788,34041.27332542972
2022-02-22 12:00:00,32433.661948328678,33837.647652143416
2022-02-23 00:00:00,32706.149809104718,34000.163759120456
2022-02-23 12:00:00,32898.09458426621,33800.810263190986
2022-02-24 00:00:00,32059.466393242703,32203.12723854402
2022-02-24 12:00:00,31738.16986297255,34046.29335747778
2022-02-25 00:00:00,33555.69868629697,35583.20356425776
2022-02-25 12:00:00,33478.428218339606,35487.63470843714
2022-02-26 00:00:00,33355.35219927499,34535.81716960876
2022-02-26 12:00:00,34155.80205846966,34731.50590125635
2022-02-27 00:00:00,34422.833571091345,35623.09180152127
2022-02-27 12:00:00,33755.41246659151,35298.36849233643
2022-02-28 00:00:00,33803.109839272336,34969.138817641324
2022-02-28 12:00:00,33829.7330296763,36894.5321763414
2022-03-01 00:00:00,37589.5856270029,38999.085476697925
2022-03-01 12:00:00,37837.33677295882,39939.00490455728
2022-03-02 00:00:00,38868.77993979623,40009.39242812772
2022-03-02 12:00:00,38956.433897788025,39983.00197784062
2022-03-03 00:00:00,39119.60820599951,39229.312471021745
2022-03-03 12:00:00,38381.89103530864,39325.535506365726
2022-03-04 00:00:00,37875.724416519355,38445.06383842597
2022-03-04 12:00:00,35880.825264922125,38635.393520055004
2022-03-05 00:00:00,35873.112764141464,37069.800681456334
2022-03-05 12:00:00,35830.07539539636,36852.1143638285
2022-03-06 00:00:00,35268.63428970785,36590.28451561336
2022-03-06 12:00:00,33356.0563292355,35779.78911573247
2022-03-07 00:00:00,35245.37106264764,35460.11876976255
2022-03-07 12:00:00,34995.033560434866,35592.42674389053
2022-03-08 00:00:00,33273.173601122806,35789.47020442863
2022-03-08 12:00:00,35542.942473348805,36595.66960476136
2022-03-09 00:00:00,35474.49901098385,36926.64769566257
2022-03-09 12:00:00,37425.75396395195,38485.03147883521
2022-03-10 00:00:00,36708.02536401625,38631.16178891386
2022-03-10 12:00:00,35827.883193232796,36730.54541885374
2022-03-11 00:00:00,35865.03235958008,36424.60914929014
2022-03-11 12:00:00,35551.113842921484,37380.77262115267
2022-03-12 00:00:00,35462.89647573873,36624.03640314043
2022-03-12 12:00:00,35646.876315712056,36561.82454962472
2022-03-13 00:00:00,35455.94830229984,36496.39541072757
2022-03-13 12:00:00,34689.531618836314,36264.03475792988
2022-03-14 00:00:00,33102.93401450594,35574.33901256436
2022-03-14 12:00:00,35281.42046262754,36474.562819111394
2022-03-15 00:00:00,35363.69003602137,37217.84055181747
2022-03-15 12:00:00,35553.10784351966,35973.43113202238
2022-03-16 00:00:00,35711.100957023504,36790.969818007805
2022-03-16 12:00:00,36692.83002290782,37322.53496119451
2022-03-17 00:00:00,36912.87488654244,37610.98374587369
2022-03-17 12:00:00,36552.25215281055,37071.638105811646
2022-03-18 00:00:00,36659.58423586381,37293.45918129362
2022-03-18 12:00:00,36315.65035095664,37821.72316054904
2022-03-19 00:00:00,37224.60219477271,38034.000067068024
2022-03-19 12:00:00,37272.32749038671,38219.97912313113
2022-03-20 00:00:00,37594.95479811946,38516.89606080944
2022-03-20 12:00:00,36973.691771505786,37834.96750729999
2022-03-21 00:00:00,37051.867497379375,37600.73598600843
2022-03-21 12:00:00,36708.493524235935,37577.84294548486
2022-03-22 00:00:00,37211.91538437339,38189.976200537996
2022-03-22 12:00:00,38467.77506618559,39033.04721291906
2022-03-23 00:00:00,38306.07976907918,38655.831124677235
2022-03-23 12:00:00,38370.17848895353,38986.694513597584
2022-03-24 00:00:00,38497.541636184156,39523.406101641
2022-03-24 12:00:00,39221.42814466525,39994.77255367547
2022-03-25 00:00:00,39496.27111929124,40521.48128644427
2022-03-25 12:00:00,40290.95417621188,40765.81477201145
2022-03-26 00:00:00,40311.2482904364,41405.604170817496
2022-03-26 12:00:00,40116.56942279181,40759.94237288956
2022-03-27 00:00:00,40655.99158369472,41394.45745341684
2022-03-27 12:00:00,40838.113968671,42380.08081007079
2022-03-28 00:00:00,42545.127283517075,43459.1687721887
2022-03-28 12:00:00,42735.93043699516,43138.62931415108
2022-03-29 00:00:00,42871.66280628559,43555.558338348106
2022-03-29 12:00:00,42674.545379589545,43895.040105774235
2022-03-30 00:00:00,42633.7510763334,43763.51261278806
2022-03-30 12:00:00,42181.435309165536,43109.03459807435
2022-03-31 00:00:00,42054.63818585391,42346.35052584579
2022-03-31 12:00:00,41541.71230545515,42478.66204780889
2022-04-01 00:00:00,40831.31965572755,41983.059003034934
2022-04-01 12:00:00,40883.30210496972,41977.69453885746
2022-04-02 00:00:00,42183.80848427299,42188.120914385945
2022-04-02 12:00:00,41579.530953220856,42127.37656438309
2022-04-03 00:00:00,41742.82047059432,41965.82770299688
2022-04-03 12:00:00,41725.51052928258,42061.879480636024
2022-04-04 00:00:00,41630.36799552326,42148.49000024669
2022-04-04 12:00:00,41621.41222382366,42420.44741688756
2022-04-05 00:00:00,42106.95712619908,42606.099206256804
2022-04-05 12:00:00,41999.499195196026,43701.553747473445
2022-04-06 00:00:00,41101.00760129793,41876.78363067388
2022-04-06 12:00:00,39662.417621410015,41906.57763233226
2022-04-07 00:00:00,40131.96746680496,40161.902698082406
2022-04-07 12:00:00,39772.09482278504,39991.97494501378
2022-04-08 00:00:00,39643.3117270481,39941.495373022866
2022-04-08 12:00:00,38939.55882021611,40162.22727240886
2022-04-09 00:00:00,38933.38866174348,39102.286581283755
2022-04-09 12:00:00,38733.22737453435,39385.46358773355
2022-04-10 00:00:00,39314.00311795045,39305.17189203623
2022-04-10 12:00:00,38730.79063385368,38986.81379387136
2022-04-11 00:00:00,37879.394388147535,38386.05712020034
2022-04-11 12:00:00,36390.08183473035,37559.9983219661
2022-04-12 00:00:00,36775.58577385146,37232.64414222642
2022-04-12 12:00:00,36255.24504534924,37276.6557884143
2022-04-13 00:00:00,36718.07907857224,37089.808558869714
2022-04-13 12:00:00,36822.193128979954,37753.51191820169
2022-04-14 00:00:00,37086.4671475617,38011.4711888285
2022-04-14 12:00:00,36969.58839903806,37566.39320179746
2022-04-15 00:00:00,37217.39334669531,37317.78891966764
2022-04-15 12:00:00,36498.89894788954,37829.19701581389
2022-04-16 00:00:00,37179.63803589931,37882.07818053079
2022-04-16 12:00:00,37116.91159313509,37508.30938879336
2022-04-17 00:00:00,37146.10779765682,37581.350314456926
2022-04-17 12:00:00,36780.14158372977,37411.576439165256
2022-04-18 00:00:00,36270.49286890017,37558.20194445457
2022-04-18 12:00:00,34890.64839676252,37437.239991472125
2022-04-19 00:00:00,37250.077303065336,38484.9501111948
2022-04-19 12:00:00,37213.451519670576,38494.631345886046
2022-04-20 00:00:00,37857.70873517549,38926.58528263611
2022-04-20 12:00:00,38151.383131159586,38803.24421983214
2022-04-21 00:00:00,37775.23457209055,39009.6518590268
2022-04-21 12:00:00,37429.908184340304,39122.05911454188
2022-04-22 00:00:00,37032.58612017374,38070.85293274934
2022-04-22 12:00:00,36845.62062237181,37734.02440006908
2022-04-23 00:00:00,36679.758989053655,37222.998679078984
2022-04-23 12:00:00,36366.83508001187,37441.95605678565
2022-04-24 00:00:00,36251.50627325789,36942.59517696055
2022-04-24 12:00:00,36536.121780326604,37142.17317070119
2022-04-25 00:00:00,36172.96861313197,37497.20980198121
2022-04-25 12:00:00,35945.749426141905,37718.04214009887
2022-04-26 00:00:00,36729.79536173588,38085.39165929903
2022-04-26 12:00:00,36525.61662682111,39052.906841543736
2022-04-27 00:00:00,36055.60491552883,36853.779937707746
2022-04-27 12:00:00,36646.55067257579,37405.91510120059
2022-04-28 00:00:00,36391.96951303293,37831.877223692725
2022-04-28 12:00:00,36625.106483903175,38517.80306764402
2022-04-29 00:00:00,36770.44161386876,38325.8484390922
2022-04-29 12:00:00,36623.532016089615,37496.887291472056
2022-04-30 00:00:00,36588.643018335475,37346.83540416296
2022-04-30 12:00:00,35789.78035782853,37537.93818804288
2022-05-01 00:00:00,36042.50850226229,36706.34158266157
2022-05-01 12:00:00,35915.269846587,37296.45159762456
2022-05-02 00:00:00,36468.753979401954,36629.4790980946
2022-05-02 12:00:00,35709.423265452846,36823.10042754781
2022-05-03 00:00:00,36620.94024498781,37094.89489025516
2022-05-03 12:00:00,36060.84056429055,37372.87742780538
2022-05-04 00:00:00,36272.52274303647,37032.75207867691
2022-05-04 12:00:00,36874.50318634385,37388.79926830709
2022-05-05 00:00:00,37057.675980001775,37534.45429994795
2022-05-05 12:00:00,35996.28090658156,37455.29067843437
2022-05-06 00:00:00,33877.25595563304,34968.26602913924
2022-05-06 12:00:00,33253.94969872665,34709.59665865729
2022-05-07 00:00:00,33420.41320918945,34617.121797828935
2022-05-07 12:00:00,33621.78718080696,34555.25726617875
2022-05-08 00:00:00,33032.15595395814,34142.70307191855
2022-05-08 12:00:00,32342.524438078843,34132.78324217889
2022-05-09 00:00:00,31387.89678432732,34278.88705633624
2022-05-09 12:00:00,29294.283303166347,33187.284019089464
2022-05-10 00:00:00,28942.53647129881,32347.39317124616
2022-05-10 12:00:00,28941.331278369456,30205.356763547883
2022-05-11 00:00:00,27899.9729241642,29913.353907647223
2022-05-11 12:00:00,27915.21591972162,30570.654360505563
2022-05-12 00:00:00,27044.552609078593,28696.970345810576
2022-05-12 12:00:00,26144.137373660913,28760.532289273873
2022-05-13 00:00:00,28376.903841859188,29539.253076134628
2022-05-13 12:00:00,28137.259420646962,30059.072092672253
2022-05-14 00:00:00,27740.26373257986,28909.12620118394
2022-05-14 12:00:00,27617.521630112282,28933.16628996214
2022-05-15 00:00:00,29026.497604139615,30289.30416184304
2022-05-15 12:00:00,28802.05898051533,30127.15149965298
2022-05-16 00:00:00,28716.719155915267,30778.906695506917
2022-05-16 12:00:00,28618.014843539,30001.820138753756
2022-05-17 00:00:00,28770.212985683564,29543.631826209017
2022-05-17 12:00:00,28757.63243679566,29186.5024532995
2022-05-18 00:00:00,28216.436053292276,29002.161733763092
2022-05-18 12:00:00,27557.879962416948,28655.208848683753
2022-05-19 00:00:00,27127.059038479827,28040.836227086224
2022-05-19 12:00:00,28029.637236181145,28653.94144273434
2022-05-20 00:00:00,28745.027971872983,29735.618703097836
2022-05-20 12:00:00,27693.542090653842,29115.175451818046
2022-05-21 00:00:00,26974.070303492677,27746.576243758176
2022-05-21 12:00:00,27606.0110629581,27963.29293898402
2022-05-22 00:00:00,27793.291605854683,28258.95541417567
2022-05-22 12:00:00,27890.94645653346,28675.89938922069
2022-05-23 00:00:00,28526.78819318668,29295.16990524217
2022-05-23 12:00:00,28174.062922744495,28525.506086306348
2022-05-24 00:00:00,27117.833271965694,27534.205420473798
2022-05-24 12:00:00,27599.952664676126,27639.076598022926
2022-05-25 00:00:00,27579.527670337644,28163.834435461613
2022-05-25 12:00:00,27630.227334695097,27652.31877692563
2022-05-26 00:00:00,27094.112159215583,28381.35532943463
2022-05-26 12:00:00,26486.459298552105,27475.76444436248
2022-05-27 00:00:00,27003.84227979387,27694.78269169886
2022-05-27 12:00:00,26351.727561264186,27390.036067819987
2022-05-28 00:00:00,26541.249908238497,26717.706689000093
2022-05-28 12:00:00,26489.575476269052,27205.11868586516
