Time,BTCEUR
2020-11-26 12:00:00,14465.33
2020-11-27 00:00:00,14146.4
2020-11-27 12:00:00,14384.27
2020-11-28 00:00:00,14415.01
2020-11-28 12:00:00,14897.09
2020-11-29 00:00:00,15199.11
2020-11-29 12:00:00,15251.87
2020-11-30 00:00:00,15592.62
2020-11-30 12:00:00,16449.17
2020-12-01 00:00:00,16307.17
2020-12-01 12:00:00,15622.06
2020-12-02 00:00:00,15940.65
2020-12-02 12:00:00,15875.87
2020-12-03 00:00:00,16051.21
2020-12-03 12:00:00,16039.51
2020-12-04 00:00:00,15522.21
2020-12-04 12:00:00,15442.53
2020-12-05 00:00:00,15749.87
2020-12-05 12:00:00,15861.21
2020-12-06 00:00:00,15805.11
2020-12-06 12:00:00,15987.51
2020-12-07 00:00:00,15841.19
2020-12-07 12:00:00,15865.74
2020-12-08 00:00:00,15565.01
2020-12-08 12:00:00,15184.12
2020-12-09 00:00:00,15132.6
2020-12-09 12:00:00,15405.49
2020-12-10 00:00:00,15093.22
2020-12-10 12:00:00,15077.8
2020-12-11 00:00:00,14597.66
2020-12-11 12:00:00,14932.52
2020-12-12 00:00:00,15321.58
2020-12-12 12:00:00,15577.25
2020-12-13 00:00:00,15968.22
2020-12-13 12:00:00,15810.14
2020-12-14 00:00:00,15742.79
2020-12-14 12:00:00,15895.85
2020-12-15 00:00:00,15925.2
2020-12-15 12:00:00,16028.7
2020-12-16 00:00:00,16242.13
2020-12-16 12:00:00,17540.51
2020-12-17 00:00:00,18593.73
2020-12-17 12:00:00,18607.29
2020-12-18 00:00:00,18741.45
2020-12-18 12:00:00,18903.14
2020-12-19 00:00:00,18734.34
2020-12-19 12:00:00,19481.26
2020-12-20 00:00:00,19272.81
2020-12-20 12:00:00,19260.07
2020-12-21 00:00:00,18657.86
2020-12-21 12:00:00,18618.47
2020-12-22 00:00:00,18961.5
2020-12-22 12:00:00,19568.27
2020-12-23 00:00:00,18970.0
2020-12-23 12:00:00,19114.72
2020-12-24 00:00:00,19126.12
2020-12-24 12:00:00,19530.07
2020-12-25 00:00:00,20199.88
2020-12-25 12:00:00,20285.67
2020-12-26 00:00:00,20387.78
2020-12-26 12:00:00,21674.7
2020-12-27 00:00:00,22634.43
2020-12-27 12:00:00,21379.05
2020-12-28 00:00:00,22003.0
2020-12-28 12:00:00,22170.48
2020-12-29 00:00:00,21975.23
2020-12-29 12:00:00,22333.22
2020-12-30 00:00:00,22695.47
2020-12-30 12:00:00,23456.85
2020-12-31 00:00:00,23613.59
2020-12-31 12:00:00,23713.33
2021-01-01 00:00:00,24017.4
2021-01-01 12:00:00,24076.03
2021-01-02 00:00:00,24297.15
2021-01-02 12:00:00,25925.69
2021-01-03 00:00:00,27440.0
2021-01-03 12:00:00,26190.43
2021-01-04 00:00:00,25000.0
2021-01-04 12:00:00,26048.4
2021-01-05 00:00:00,25934.07
2021-01-05 12:00:00,27655.03
2021-01-06 00:00:00,28445.58
2021-01-06 12:00:00,29814.83
2021-01-07 00:00:00,30913.2
2021-01-07 12:00:00,32031.01
2021-01-08 00:00:00,33750.03
2021-01-08 12:00:00,33035.17
2021-01-09 00:00:00,33113.51
2021-01-09 12:00:00,32161.21
2021-01-10 00:00:00,31741.46
2021-01-10 12:00:00,30857.14
2021-01-11 00:00:00,28029.23
2021-01-11 12:00:00,29165.98
2021-01-12 00:00:00,29169.32
2021-01-12 12:00:00,27937.3
2021-01-13 00:00:00,28300.83
2021-01-13 12:00:00,30761.44
2021-01-14 00:00:00,31633.06
2021-01-14 12:00:00,32200.0
2021-01-15 00:00:00,31449.61
2021-01-15 12:00:00,30449.97
2021-01-16 00:00:00,31187.5
2021-01-16 12:00:00,29843.44
2021-01-17 00:00:00,29291.59
2021-01-17 12:00:00,29639.72
2021-01-18 00:00:00,30232.44
2021-01-18 12:00:00,30319.94
2021-01-19 00:00:00,30830.4
2021-01-19 12:00:00,29699.41
2021-01-20 00:00:00,28470.19
2021-01-20 12:00:00,29315.42
2021-01-21 00:00:00,26569.2
2021-01-21 12:00:00,25395.48
2021-01-22 00:00:00,26097.06
2021-01-22 12:00:00,27109.39
2021-01-23 00:00:00,26090.28
2021-01-23 12:00:00,26407.37
2021-01-24 00:00:00,27036.38
2021-01-24 12:00:00,26551.36
2021-01-25 00:00:00,27327.74
2021-01-25 12:00:00,26642.52
2021-01-26 00:00:00,26283.45
2021-01-26 12:00:00,26730.49
2021-01-27 00:00:00,25414.48
2021-01-27 12:00:00,25159.79
2021-01-28 00:00:00,26029.06
2021-01-28 12:00:00,27599.19
2021-01-29 00:00:00,30568.48
2021-01-29 12:00:00,28255.22
2021-01-30 00:00:00,27801.33
2021-01-30 12:00:00,28289.14
2021-01-31 00:00:00,27752.84
2021-01-31 12:00:00,27362.38
2021-02-01 00:00:00,28297.82
2021-02-01 12:00:00,27805.75
2021-02-02 00:00:00,28868.82
2021-02-02 12:00:00,29498.77
2021-02-03 00:00:00,29990.77
2021-02-03 12:00:00,31311.4
2021-02-04 00:00:00,31190.0
2021-02-04 12:00:00,30934.66
2021-02-05 00:00:00,31518.8
2021-02-05 12:00:00,31873.39
2021-02-06 00:00:00,33493.73
2021-02-06 12:00:00,32632.0
2021-02-07 00:00:00,32501.82
2021-02-07 12:00:00,32312.79
2021-02-08 00:00:00,32849.96
2021-02-08 12:00:00,38599.96
2021-02-09 00:00:00,38440.25
2021-02-09 12:00:00,38439.0
2021-02-10 00:00:00,38563.89
2021-02-10 12:00:00,37077.26
2021-02-11 00:00:00,38086.53
2021-02-11 12:00:00,39634.13
2021-02-12 00:00:00,39420.0
2021-02-12 12:00:00,39138.68
2021-02-13 00:00:00,38646.86
2021-02-13 12:00:00,39083.49
2021-02-14 00:00:00,40649.96
2021-02-14 12:00:00,40242.22
2021-02-15 00:00:00,39500.02
2021-02-15 12:00:00,39611.09
2021-02-16 00:00:00,40419.06
2021-02-16 12:00:00,40723.1
2021-02-17 00:00:00,42579.43
2021-02-17 12:00:00,43377.06
2021-02-18 00:00:00,42689.41
2021-02-18 12:00:00,42796.05
2021-02-19 00:00:00,43464.77
2021-02-19 12:00:00,46194.34
2021-02-20 00:00:00,46582.87
2021-02-20 12:00:00,46198.78
2021-02-21 00:00:00,47277.65
2021-02-21 12:00:00,47427.42
2021-02-22 00:00:00,44975.96
2021-02-22 12:00:00,44631.17
2021-02-23 00:00:00,38260.39
2021-02-23 12:00:00,40326.34
2021-02-24 00:00:00,41603.95
2021-02-24 12:00:00,40966.73
2021-02-25 00:00:00,41216.72
2021-02-25 12:00:00,38843.05
2021-02-26 00:00:00,38392.12
2021-02-26 12:00:00,38508.33
2021-02-27 00:00:00,39371.05
2021-02-27 12:00:00,38430.09
2021-02-28 00:00:00,37721.99
2021-02-28 12:00:00,37421.57
2021-03-01 00:00:00,39754.17
2021-03-01 12:00:00,41254.0
2021-03-02 00:00:00,40685.04
2021-03-02 12:00:00,40250.57
2021-03-03 00:00:00,42898.0
2021-03-03 12:00:00,41909.73
2021-03-04 00:00:00,41118.34
2021-03-04 12:00:00,40507.39
2021-03-05 00:00:00,39837.45
2021-03-05 12:00:00,40972.71
2021-03-06 00:00:00,40526.39
2021-03-06 12:00:00,41054.35
2021-03-07 00:00:00,42541.84
2021-03-07 12:00:00,42765.06
2021-03-08 00:00:00,42599.0
2021-03-08 12:00:00,44169.2
2021-03-09 00:00:00,45570.15
2021-03-09 12:00:00,46175.61
2021-03-10 00:00:00,46189.46
2021-03-10 12:00:00,46935.44
2021-03-11 00:00:00,47094.14
2021-03-11 12:00:00,48245.38
2021-03-12 00:00:00,47458.93
2021-03-12 12:00:00,47800.04
2021-03-13 00:00:00,49775.35
2021-03-13 12:00:00,50256.27
2021-03-14 00:00:00,50252.0
2021-03-14 12:00:00,49225.61
2021-03-15 00:00:00,47199.58
2021-03-15 12:00:00,46757.95
2021-03-16 00:00:00,46456.67
2021-03-16 12:00:00,47821.8
2021-03-17 00:00:00,46172.16
2021-03-17 12:00:00,49139.11
2021-03-18 00:00:00,48783.67
2021-03-18 12:00:00,48473.55
2021-03-19 00:00:00,49520.15
2021-03-19 12:00:00,48864.73
2021-03-20 00:00:00,49835.75
2021-03-20 12:00:00,48903.96
2021-03-21 00:00:00,47483.03
2021-03-21 12:00:00,48375.96
2021-03-22 00:00:00,48477.31
2021-03-22 12:00:00,45499.08
2021-03-23 00:00:00,45723.54
2021-03-23 12:00:00,45966.89
2021-03-24 00:00:00,47835.01
2021-03-24 12:00:00,44416.49
2021-03-25 00:00:00,44234.79
2021-03-25 12:00:00,43645.11
2021-03-26 00:00:00,44791.41
2021-03-26 12:00:00,46750.85
2021-03-27 00:00:00,46235.14
2021-03-27 12:00:00,47354.32
2021-03-28 00:00:00,47383.8
2021-03-28 12:00:00,47361.09
2021-03-29 00:00:00,49096.67
2021-03-29 12:00:00,48900.09
2021-03-30 00:00:00,50447.57
2021-03-30 12:00:00,50150.08
2021-03-31 00:00:00,49523.73
2021-03-31 12:00:00,50051.22
2021-04-01 00:00:00,49958.09
2021-04-01 12:00:00,49929.11
2021-04-02 00:00:00,50601.57
2021-04-02 12:00:00,50123.42
2021-04-03 00:00:00,50303.03
2021-04-03 12:00:00,48788.28
2021-04-04 00:00:00,49038.88
2021-04-04 12:00:00,49581.49
2021-04-05 00:00:00,49225.73
2021-04-05 12:00:00,50006.23
2021-04-06 00:00:00,49687.4
2021-04-06 12:00:00,48979.49
2021-04-07 00:00:00,47528.65
2021-04-07 12:00:00,47366.99
2021-04-08 00:00:00,47600.86
2021-04-08 12:00:00,48818.22
2021-04-09 00:00:00,49240.25
2021-04-09 12:00:00,48970.74
2021-04-10 00:00:00,50521.76
2021-04-10 12:00:00,50161.53
2021-04-11 00:00:00,50105.32
2021-04-11 12:00:00,50394.44
2021-04-12 00:00:00,50634.89
2021-04-12 12:00:00,50205.78
2021-04-13 00:00:00,52979.58
2021-04-13 12:00:00,53177.79
2021-04-14 00:00:00,54075.79
2021-04-14 12:00:00,52642.53
2021-04-15 00:00:00,52196.45
2021-04-15 12:00:00,52862.11
2021-04-16 00:00:00,50910.88
2021-04-16 12:00:00,51350.23
2021-04-17 00:00:00,51052.99
2021-04-17 12:00:00,50594.44
2021-04-18 00:00:00,44867.47
2021-04-18 12:00:00,47236.8
2021-04-19 00:00:00,47649.23
2021-04-19 12:00:00,46358.25
2021-04-20 00:00:00,46795.35
2021-04-20 12:00:00,47015.81
2021-04-21 00:00:00,45516.13
2021-04-21 12:00:00,44791.57
2021-04-22 00:00:00,45583.37
2021-04-22 12:00:00,43079.79
2021-04-23 00:00:00,41901.49
2021-04-23 12:00:00,42426.43
2021-04-24 00:00:00,40893.85
2021-04-24 12:00:00,41643.39
2021-04-25 00:00:00,41213.37
2021-04-25 12:00:00,40707.41
2021-04-26 00:00:00,44485.99
2021-04-26 12:00:00,44797.19
2021-04-27 00:00:00,45726.91
2021-04-27 12:00:00,45601.42
2021-04-28 00:00:00,45507.37
2021-04-28 12:00:00,45286.29
2021-04-29 00:00:00,44866.55
2021-04-29 12:00:00,44266.84
2021-04-30 00:00:00,44967.85
2021-04-30 12:00:00,47996.02
2021-05-01 00:00:00,48072.02
2021-05-01 12:00:00,48030.35
2021-05-02 00:00:00,47605.21
2021-05-02 12:00:00,47131.56
2021-05-03 00:00:00,48774.12
2021-05-03 12:00:00,47481.97
2021-05-04 00:00:00,46786.95
2021-05-04 12:00:00,44396.51
2021-05-05 00:00:00,45969.91
2021-05-05 12:00:00,47800.0
2021-05-06 00:00:00,48178.58
2021-05-06 12:00:00,46811.31
2021-05-07 00:00:00,46899.58
2021-05-07 12:00:00,47285.74
2021-05-08 00:00:00,48415.0
2021-05-08 12:00:00,48525.8
2021-05-09 00:00:00,47812.76
2021-05-09 12:00:00,47964.22
2021-05-10 00:00:00,47949.77
2021-05-10 12:00:00,46243.17
2021-05-11 00:00:00,45484.66
2021-05-11 12:00:00,46825.37
2021-05-12 00:00:00,46676.51
2021-05-12 12:00:00,41305.48
2021-05-13 00:00:00,41333.48
2021-05-13 12:00:00,41258.66
2021-05-14 00:00:00,41857.81
2021-05-14 12:00:00,41172.92
2021-05-15 00:00:00,40364.59
2021-05-15 12:00:00,38629.16
2021-05-16 00:00:00,40485.37
2021-05-16 12:00:00,38319.43
2021-05-17 00:00:00,37659.4
2021-05-17 12:00:00,35882.74
2021-05-18 00:00:00,37173.62
2021-05-18 12:00:00,35205.32
2021-05-19 00:00:00,30669.75
2021-05-19 12:00:00,30279.5
2021-05-20 00:00:00,33384.67
2021-05-20 12:00:00,33359.97
2021-05-21 00:00:00,33771.44
2021-05-21 12:00:00,30747.21
2021-05-22 00:00:00,31470.21
2021-05-22 12:00:00,30895.05
2021-05-23 00:00:00,29218.48
2021-05-23 12:00:00,28573.19
2021-05-24 00:00:00,31025.51
2021-05-24 12:00:00,31918.73
2021-05-25 00:00:00,29878.55
2021-05-25 12:00:00,31367.74
2021-05-26 00:00:00,32657.55
2021-05-26 12:00:00,32280.58
2021-05-27 00:00:00,32604.8
2021-05-27 12:00:00,31614.95
2021-05-28 00:00:00,29113.61
2021-05-28 12:00:00,29349.23
2021-05-29 00:00:00,29176.15
2021-05-29 12:00:00,28510.82
2021-05-30 00:00:00,29945.26
2021-05-30 12:00:00,29331.47
2021-05-31 00:00:00,30238.98
2021-05-31 12:00:00,30460.92
2021-06-01 00:00:00,29960.62
2021-06-01 12:00:00,30043.16
2021-06-02 00:00:00,30579.41
2021-06-02 12:00:00,30792.11
2021-06-03 00:00:00,31875.86
2021-06-03 12:00:00,32394.26
2021-06-04 00:00:00,30230.97
2021-06-04 12:00:00,30331.54
2021-06-05 00:00:00,29627.39
2021-06-05 12:00:00,29324.32
2021-06-06 00:00:00,29588.79
2021-06-06 12:00:00,29495.55
2021-06-07 00:00:00,29941.05
2021-06-07 12:00:00,27631.54
2021-06-08 00:00:00,27218.36
2021-06-08 12:00:00,27468.94
2021-06-09 00:00:00,28728.09
2021-06-09 12:00:00,30735.66
2021-06-10 00:00:00,31103.12
2021-06-10 12:00:00,30170.81
2021-06-11 00:00:00,30807.12
2021-06-11 12:00:00,30882.86
2021-06-12 00:00:00,29511.93
2021-06-12 12:00:00,29430.44
2021-06-13 00:00:00,29749.67
2021-06-13 12:00:00,32179.31
2021-06-14 00:00:00,32356.44
2021-06-14 12:00:00,33454.62
2021-06-15 00:00:00,32930.18
2021-06-15 12:00:00,33148.73
2021-06-16 00:00:00,32278.14
2021-06-16 12:00:00,31995.93
2021-06-17 00:00:00,32832.44
2021-06-17 12:00:00,32019.75
2021-06-18 00:00:00,31785.9
2021-06-18 12:00:00,30289.4
2021-06-19 00:00:00,30366.5
2021-06-19 12:00:00,30011.32
2021-06-20 00:00:00,28662.31
2021-06-20 12:00:00,29984.39
2021-06-21 00:00:00,27381.01
2021-06-21 12:00:00,26545.52
2021-06-22 00:00:00,26263.59
2021-06-22 12:00:00,27232.51
2021-06-23 00:00:00,28431.81
2021-06-23 12:00:00,28254.88
2021-06-24 00:00:00,28364.11
2021-06-24 12:00:00,29054.39
2021-06-25 00:00:00,27898.65
2021-06-25 12:00:00,26513.08
2021-06-26 00:00:00,26747.08
2021-06-26 12:00:00,27111.8
2021-06-27 00:00:00,27928.84
2021-06-27 12:00:00,29095.05
2021-06-28 00:00:00,28631.17
2021-06-28 12:00:00,28923.41
2021-06-29 00:00:00,29920.44
2021-06-29 12:00:00,30169.5
2021-06-30 00:00:00,29335.84
2021-06-30 12:00:00,29556.5
2021-07-01 00:00:00,28411.63
2021-07-01 12:00:00,28292.54
2021-07-02 00:00:00,27933.8
2021-07-02 12:00:00,28484.38
2021-07-03 00:00:00,29186.29
2021-07-03 12:00:00,29201.46
2021-07-04 00:00:00,29880.0
2021-07-04 12:00:00,29722.92
2021-07-05 00:00:00,28143.71
2021-07-05 12:00:00,28414.28
2021-07-06 00:00:00,28795.55
2021-07-06 12:00:00,28950.14
2021-07-07 00:00:00,29469.98
2021-07-07 12:00:00,28751.47
2021-07-08 00:00:00,27638.93
2021-07-08 12:00:00,27773.14
2021-07-09 00:00:00,27650.65
2021-07-09 12:00:00,28503.37
2021-07-10 00:00:00,28505.82
2021-07-10 12:00:00,28268.54
2021-07-11 00:00:00,28519.13
2021-07-11 12:00:00,28857.07
2021-07-12 00:00:00,28299.74
2021-07-12 12:00:00,27945.58
2021-07-13 00:00:00,27984.52
2021-07-13 12:00:00,27988.95
2021-07-14 00:00:00,27871.85
2021-07-14 12:00:00,28172.11
2021-07-15 00:00:00,27314.71
2021-07-15 12:00:00,27347.44
2021-07-16 00:00:00,26614.49
2021-07-16 12:00:00,26700.19
2021-07-17 00:00:00,26934.29
2021-07-17 12:00:00,26954.11
2021-07-18 00:00:00,27260.0
2021-07-18 12:00:00,27191.82
2021-07-19 00:00:00,26658.71
2021-07-19 12:00:00,26440.52
2021-07-20 00:00:00,25554.25
2021-07-20 12:00:00,25646.44
2021-07-21 00:00:00,27258.0
2021-07-21 12:00:00,27590.42
2021-07-22 00:00:00,27389.95
2021-07-22 12:00:00,27724.92
2021-07-23 00:00:00,27786.39
2021-07-23 12:00:00,28837.53
2021-07-24 00:00:00,29093.19
2021-07-24 12:00:00,29386.13
2021-07-25 00:00:00,29563.68
2021-07-25 12:00:00,30293.35
2021-07-26 00:00:00,32825.36
2021-07-26 12:00:00,31686.9
2021-07-27 00:00:00,32694.13
2021-07-27 12:00:00,33678.96
2021-07-28 00:00:00,34736.07
2021-07-28 12:00:00,34153.08
2021-07-29 00:00:00,33871.39
2021-07-29 12:00:00,33996.25
2021-07-30 00:00:00,32893.53
2021-07-30 12:00:00,35710.6
2021-07-31 00:00:00,35302.85
2021-07-31 12:00:00,35264.66
2021-08-01 00:00:00,35431.87
2021-08-01 12:00:00,34030.17
2021-08-02 00:00:00,33656.54
2021-08-02 12:00:00,33361.78
2021-08-03 00:00:00,32745.58
2021-08-03 12:00:00,32509.13
2021-08-04 00:00:00,32600.91
2021-08-04 12:00:00,33925.05
2021-08-05 00:00:00,32568.75
2021-08-05 12:00:00,34902.23
2021-08-06 00:00:00,34760.36
2021-08-06 12:00:00,36742.05
2021-08-07 00:00:00,37858.39
2021-08-07 12:00:00,38415.2
2021-08-08 00:00:00,38368.9
2021-08-08 12:00:00,37877.86
2021-08-09 00:00:00,39589.36
2021-08-09 12:00:00,39916.95
2021-08-10 00:00:00,39217.62
2021-08-10 12:00:00,39398.2
2021-08-11 00:00:00,39823.31
2021-08-11 12:00:00,39505.43
2021-08-12 00:00:00,38842.44
2021-08-12 12:00:00,38473.81
2021-08-13 00:00:00,39911.06
2021-08-13 12:00:00,40942.36
2021-08-14 00:00:00,40164.8
2021-08-14 12:00:00,40391.36
2021-08-15 00:00:00,39593.5
2021-08-15 12:00:00,40260.03
2021-08-16 00:00:00,40747.48
2021-08-16 12:00:00,39607.08
2021-08-17 00:00:00,40239.29
2021-08-17 12:00:00,38735.12
2021-08-18 00:00:00,38676.01
2021-08-18 12:00:00,38712.64
2021-08-19 00:00:00,38321.4
2021-08-19 12:00:00,40162.69
2021-08-20 00:00:00,40278.77
2021-08-20 12:00:00,42192.75
2021-08-21 00:00:00,41714.44
2021-08-21 12:00:00,42005.0
2021-08-22 00:00:00,42275.99
2021-08-22 12:00:00,42425.85
2021-08-23 00:00:00,43192.85
2021-08-23 12:00:00,42552.11
2021-08-24 00:00:00,42504.74
2021-08-24 12:00:00,41120.89
2021-08-25 00:00:00,41129.34
2021-08-25 12:00:00,42185.6
2021-08-26 00:00:00,40469.25
2021-08-26 12:00:00,40442.87
2021-08-27 00:00:00,40922.27
2021-08-27 12:00:00,41945.46
2021-08-28 00:00:00,41613.91
2021-08-28 12:00:00,41765.1
2021-08-29 00:00:00,41282.0
2021-08-29 12:00:00,41809.08
2021-08-30 00:00:00,41124.29
2021-08-30 12:00:00,40337.2
2021-08-31 00:00:00,40809.08
2021-08-31 12:00:00,40307.58
2021-09-01 00:00:00,40858.36
2021-09-01 12:00:00,41519.96
2021-09-02 00:00:00,42346.43
2021-09-02 12:00:00,41645.45
2021-09-03 00:00:00,42447.88
2021-09-03 12:00:00,42406.27
2021-09-04 00:00:00,42308.38
2021-09-04 12:00:00,42384.41
2021-09-05 00:00:00,42592.97
2021-09-05 12:00:00,43798.73
2021-09-06 00:00:00,43530.26
2021-09-06 12:00:00,44732.29
2021-09-07 00:00:00,43316.68
2021-09-07 12:00:00,40350.56
2021-09-08 00:00:00,39879.1
2021-09-08 12:00:00,39420.2
2021-09-09 00:00:00,39676.66
2021-09-09 12:00:00,39663.97
2021-09-10 00:00:00,39466.22
2021-09-10 12:00:00,38311.95
2021-09-11 00:00:00,38887.35
2021-09-11 12:00:00,38567.83
2021-09-12 00:00:00,39323.93
2021-09-12 12:00:00,39253.82
2021-09-13 00:00:00,38393.55
2021-09-13 12:00:00,38351.79
2021-09-14 00:00:00,39238.82
2021-09-14 12:00:00,40207.74
2021-09-15 00:00:00,40506.39
2021-09-15 12:00:00,40923.26
2021-09-16 00:00:00,40777.04
2021-09-16 12:00:00,40676.57
2021-09-17 00:00:00,40358.13
2021-09-17 12:00:00,40395.1
2021-09-18 00:00:00,41355.03
2021-09-18 12:00:00,41263.8
2021-09-19 00:00:00,40477.65
2021-09-19 12:00:00,40432.04
2021-09-20 00:00:00,37591.07
2021-09-20 12:00:00,36928.25
2021-09-21 00:00:00,37201.43
2021-09-21 12:00:00,35013.59
2021-09-22 00:00:00,35999.58
2021-09-22 12:00:00,37513.69
2021-09-23 00:00:00,37531.28
2021-09-23 12:00:00,38478.17
2021-09-24 00:00:00,35642.69
2021-09-24 12:00:00,36792.51
2021-09-25 00:00:00,36503.02
2021-09-25 12:00:00,36665.38
2021-09-26 00:00:00,37031.74
2021-09-26 12:00:00,37030.52
2021-09-27 00:00:00,37533.14
2021-09-27 12:00:00,36177.02
2021-09-28 00:00:00,36206.97
2021-09-28 12:00:00,35368.22
2021-09-29 00:00:00,36471.63
2021-09-29 12:00:00,35919.88
2021-09-30 00:00:00,37216.94
2021-09-30 12:00:00,37895.64
2021-10-01 00:00:00,41018.3
2021-10-01 12:00:00,41496.51
2021-10-02 00:00:00,41109.51
2021-10-02 12:00:00,40942.41
2021-10-03 00:00:00,41252.85
2021-10-03 12:00:00,41420.67
2021-10-04 00:00:00,40884.22
2021-10-04 12:00:00,42304.47
2021-10-05 00:00:00,42958.84
2021-10-05 12:00:00,44143.2
2021-10-06 00:00:00,44313.56
2021-10-06 12:00:00,47454.52
2021-10-07 00:00:00,46602.13
2021-10-07 12:00:00,46113.01
2021-10-08 00:00:00,47379.15
2021-10-08 12:00:00,46329.72
2021-10-09 00:00:00,47046.02
2021-10-09 12:00:00,47283.35
2021-10-10 00:00:00,47529.02
2021-10-10 12:00:00,47321.16
2021-10-11 00:00:00,48818.71
2021-10-11 12:00:00,49822.04
2021-10-12 00:00:00,49673.72
2021-10-12 12:00:00,48695.75
2021-10-13 00:00:00,47948.43
2021-10-13 12:00:00,49469.32
2021-10-14 00:00:00,49653.07
2021-10-14 12:00:00,49416.55
2021-10-15 00:00:00,51159.0
2021-10-15 12:00:00,53062.75
2021-10-16 00:00:00,53000.0
2021-10-16 12:00:00,52368.45
2021-10-17 00:00:00,52440.97
2021-10-17 12:00:00,53003.85
2021-10-18 00:00:00,52557.14
2021-10-18 12:00:00,53537.36
2021-10-19 00:00:00,53401.81
2021-10-19 12:00:00,55270.64
2021-10-20 00:00:00,54878.94
2021-10-20 12:00:00,56328.76
2021-10-21 00:00:00,55516.85
2021-10-21 12:00:00,53469.78
2021-10-22 00:00:00,54480.39
2021-10-22 12:00:00,52305.84
2021-10-23 00:00:00,53035.11
2021-10-23 12:00:00,52808.06
2021-10-24 00:00:00,51994.67
2021-10-24 12:00:00,52445.33
2021-10-25 00:00:00,54114.99
2021-10-25 12:00:00,54400.55
2021-10-26 00:00:00,54152.82
2021-10-26 12:00:00,52165.44
2021-10-27 00:00:00,50743.35
2021-10-27 12:00:00,50562.71
2021-10-28 00:00:00,52712.38
2021-10-28 12:00:00,51960.07
2021-10-29 00:00:00,52398.82
2021-10-29 12:00:00,53771.28
2021-10-30 00:00:00,53370.93
2021-10-30 12:00:00,53684.45
2021-10-31 00:00:00,52477.09
2021-10-31 12:00:00,53226.59
2021-11-01 00:00:00,53694.66
2021-11-01 12:00:00,52770.44
2021-11-02 00:00:00,54339.06
2021-11-02 12:00:00,54651.83
2021-11-03 00:00:00,54521.34
2021-11-03 12:00:00,54248.77
2021-11-04 00:00:00,53155.73
2021-11-04 12:00:00,53222.24
2021-11-05 00:00:00,53221.98
2021-11-05 12:00:00,53057.65
2021-11-06 00:00:00,52581.27
2021-11-06 12:00:00,53427.94
2021-11-07 00:00:00,53838.56
2021-11-07 12:00:00,55061.3
2021-11-08 00:00:00,57257.99
2021-11-08 12:00:00,58301.0
2021-11-09 00:00:00,58484.08
2021-11-09 12:00:00,57938.47
2021-11-10 00:00:00,57752.18
2021-11-10 12:00:00,56700.0
2021-11-11 00:00:00,57142.91
2021-11-11 12:00:00,56892.1
2021-11-12 00:00:00,55942.08
2021-11-12 12:00:00,56274.32
2021-11-13 00:00:00,55781.28
2021-11-13 12:00:00,56576.66
2021-11-14 00:00:00,56616.8
2021-11-14 12:00:00,57587.65
2021-11-15 00:00:00,57482.62
2021-11-15 12:00:00,56076.24
2021-11-16 00:00:00,53492.43
2021-11-16 12:00:00,53248.24
2021-11-17 00:00:00,53800.0
2021-11-17 12:00:00,53473.12
2021-11-18 00:00:00,52200.2
2021-11-18 12:00:00,50094.59
2021-11-19 00:00:00,50488.52
2021-11-19 12:00:00,51535.38
2021-11-20 00:00:00,52173.86
2021-11-20 12:00:00,53108.86
2021-11-21 00:00:00,52206.8
2021-11-21 12:00:00,52074.81
2021-11-22 00:00:00,50756.93
2021-11-22 12:00:00,50106.71
2021-11-23 00:00:00,49932.36
2021-11-23 12:00:00,51172.52
2021-11-24 00:00:00,50530.69
2021-11-24 12:00:00,51074.89
2021-11-25 00:00:00,51718.4
2021-11-25 12:00:00,52598.85
2021-11-26 00:00:00,47652.17
2021-11-26 12:00:00,47674.87
2021-11-27 00:00:00,48576.14
2021-11-27 12:00:00,48626.2
2021-11-28 00:00:00,48323.09
2021-11-28 12:00:00,50843.04
2021-11-29 00:00:00,50462.82
2021-11-29 12:00:00,51205.08
2021-11-30 00:00:00,50780.38
2021-11-30 12:00:00,50251.02
2021-12-01 00:00:00,50512.9
2021-12-01 12:00:00,50562.85
2021-12-02 00:00:00,49720.07
2021-12-02 12:00:00,50037.85
2021-12-03 00:00:00,50431.38
2021-12-03 12:00:00,47513.61
2021-12-04 00:00:00,41513.82
2021-12-04 12:00:00,43942.51
2021-12-05 00:00:00,43822.53
2021-12-05 12:00:00,43775.03
2021-12-06 00:00:00,43042.05
2021-12-06 12:00:00,44783.91
2021-12-07 00:00:00,45772.06
2021-12-07 12:00:00,44930.02
2021-12-08 00:00:00,43654.58
2021-12-08 12:00:00,44550.17
2021-12-09 00:00:00,43496.99
2021-12-09 12:00:00,42144.21
2021-12-10 00:00:00,43235.8
2021-12-10 12:00:00,41805.66
2021-12-11 00:00:00,42777.07
2021-12-11 12:00:00,43782.75
2021-12-12 00:00:00,43570.23
2021-12-12 12:00:00,44311.87
2021-12-13 00:00:00,43370.58
2021-12-13 12:00:00,41440.43
2021-12-14 00:00:00,42110.96
2021-12-14 12:00:00,42997.17
2021-12-15 00:00:00,42729.55
2021-12-15 12:00:00,43253.95
2021-12-16 00:00:00,43598.22
2021-12-16 12:00:00,42051.07
2021-12-17 00:00:00,41640.76
2021-12-17 12:00:00,41049.14
2021-12-18 00:00:00,41931.5
2021-12-18 12:00:00,41702.15
2021-12-19 00:00:00,42000.48
2021-12-19 12:00:00,41517.04
2021-12-20 00:00:00,40907.22
2021-12-20 12:00:00,41590.4
2021-12-21 00:00:00,43297.68
2021-12-21 12:00:00,43328.59
2021-12-22 00:00:00,43364.71
2021-12-22 12:00:00,42949.99
2021-12-23 00:00:00,42732.74
2021-12-23 12:00:00,44869.9
2021-12-24 00:00:00,45057.49
2021-12-24 12:00:00,44991.58
2021-12-25 00:00:00,44888.21
2021-12-25 12:00:00,44662.54
2021-12-26 00:00:00,44005.62
2021-12-26 12:00:00,44898.4
2021-12-27 00:00:00,44897.4
2021-12-27 12:00:00,44800.01
2021-12-28 00:00:00,43478.03
2021-12-28 12:00:00,42089.52
2021-12-29 00:00:00,42291.78
2021-12-29 12:00:00,40951.77
2021-12-30 00:00:00,42006.87
2021-12-30 12:00:00,41655.06
2021-12-31 00:00:00,42396.33
2021-12-31 12:00:00,40643.6
2022-01-01 00:00:00,41236.11
2022-01-01 12:00:00,42051.25
2022-01-02 00:00:00,41600.43
2022-01-02 12:00:00,41629.29
2022-01-03 00:00:00,41734.91
2022-01-03 12:00:00,41095.76
2022-01-04 00:00:00,41387.86
2022-01-04 12:00:00,40643.21
2022-01-05 00:00:00,40904.24
2022-01-05 12:00:00,38491.06
2022-01-06 00:00:00,37946.82
2022-01-06 12:00:00,38175.62
2022-01-07 00:00:00,37380.47
2022-01-07 12:00:00,36619.77
2022-01-08 00:00:00,36999.27
2022-01-08 12:00:00,36764.16
2022-01-09 00:00:00,36907.84
2022-01-09 12:00:00,36937.05
2022-01-10 00:00:00,36709.45
2022-01-10 12:00:00,36936.32
2022-01-11 00:00:00,36916.57
2022-01-11 12:00:00,37650.03
2022-01-12 00:00:00,37831.21
2022-01-12 12:00:00,38468.05
2022-01-13 00:00:00,38074.41
2022-01-13 12:00:00,37188.05
2022-01-14 00:00:00,36690.46
2022-01-14 12:00:00,37795.46
2022-01-15 00:00:00,37783.42
2022-01-15 12:00:00,37817.25
2022-01-16 00:00:00,37714.04
2022-01-16 12:00:00,37789.85
2022-01-17 00:00:00,37415.26
2022-01-17 12:00:00,37061.58
2022-01-18 00:00:00,36772.04
2022-01-18 12:00:00,37431.28
2022-01-19 00:00:00,37093.15
2022-01-19 12:00:00,36781.14
2022-01-20 00:00:00,37174.28
2022-01-20 12:00:00,36008.93
2022-01-21 00:00:00,34360.85
2022-01-21 12:00:00,32231.29
2022-01-22 00:00:00,31303.3
2022-01-22 12:00:00,31038.61
2022-01-23 00:00:00,31596.44
2022-01-23 12:00:00,32049.79
2022-01-24 00:00:00,29828.82
2022-01-24 12:00:00,32433.33
2022-01-25 00:00:00,32358.28
2022-01-25 12:00:00,32740.59
2022-01-26 00:00:00,33804.59
2022-01-26 12:00:00,32809.65
2022-01-27 00:00:00,32896.24
2022-01-27 12:00:00,33378.79
2022-01-28 00:00:00,32756.01
2022-01-28 12:00:00,33907.38
2022-01-29 00:00:00,33953.54
2022-01-29 12:00:00,34350.0
2022-01-30 00:00:00,34283.28
2022-01-30 12:00:00,34027.34
2022-01-31 00:00:00,33414.28
2022-01-31 12:00:00,34270.65
2022-02-01 00:00:00,34135.1
2022-02-01 12:00:00,34384.39
2022-02-02 00:00:00,34087.46
2022-02-02 12:00:00,32733.44
2022-02-03 00:00:00,32641.91
2022-02-03 12:00:00,32661.22
2022-02-04 00:00:00,32994.59
2022-02-04 12:00:00,36358.72
2022-02-05 00:00:00,36230.01
2022-02-05 12:00:00,36180.55
2022-02-06 00:00:00,36303.81
2022-02-06 12:00:00,37026.95
2022-02-07 00:00:00,37384.88
2022-02-07 12:00:00,38360.21
2022-02-08 00:00:00,38544.92
2022-02-08 12:00:00,38629.02
2022-02-09 00:00:00,38277.27
2022-02-09 12:00:00,38909.14
2022-02-10 00:00:00,39240.43
2022-02-10 12:00:00,38138.03
2022-02-11 00:00:00,38106.32
2022-02-11 12:00:00,37380.4
2022-02-12 00:00:00,37429.44
2022-02-12 12:00:00,37246.7
2022-02-13 00:00:00,37486.13
2022-02-13 12:00:00,37053.38
2022-02-14 00:00:00,37288.6
2022-02-14 12:00:00,37647.37
2022-02-15 00:00:00,39030.81
2022-02-15 12:00:00,39221.43
2022-02-16 00:00:00,38834.07
2022-02-16 12:00:00,38588.38
2022-02-17 00:00:00,38015.01
2022-02-17 12:00:00,35685.81
2022-02-18 00:00:00,35404.26
2022-02-18 12:00:00,35355.89
2022-02-19 00:00:00,35243.46
2022-02-19 12:00:00,35443.96
2022-02-20 00:00:00,33849.3
2022-02-20 12:00:00,33919.03
2022-02-21 00:00:00,33129.67
2022-02-21 12:00:00,32766.06
2022-02-22 00:00:00,33097.04
2022-02-22 12:00:00,33774.86
2022-02-23 00:00:00,34192.74
2022-02-23 12:00:00,32960.15
2022-02-24 00:00:00,31715.0
2022-02-24 12:00:00,34203.36
2022-02-25 00:00:00,34690.82
2022-02-25 12:00:00,34826.82
2022-02-26 00:00:00,34590.0
2022-02-26 12:00:00,34753.18
2022-02-27 00:00:00,35080.92
2022-02-27 12:00:00,33758.19
2022-02-28 00:00:00,34241.58
2022-02-28 12:00:00,38500.0
2022-03-01 00:00:00,39028.36
2022-03-01 12:00:00,39951.11
2022-03-02 00:00:00,39787.87
2022-03-02 12:00:00,39509.38
2022-03-03 00:00:00,39132.2
2022-03-03 12:00:00,38384.16
2022-03-04 00:00:00,37950.21
2022-03-04 12:00:00,35868.77
2022-03-05 00:00:00,35881.44
2022-03-05 12:00:00,36097.09
2022-03-06 00:00:00,35180.31
2022-03-06 12:00:00,35335.78
2022-03-07 00:00:00,35328.84
2022-03-07 12:00:00,35000.18
2022-03-08 00:00:00,35795.5
2022-03-08 12:00:00,35543.28
2022-03-09 00:00:00,38452.01
2022-03-09 12:00:00,37894.29
2022-03-10 00:00:00,35443.25
2022-03-10 12:00:00,35841.5
2022-03-11 00:00:00,36261.2
2022-03-11 12:00:00,35548.72
2022-03-12 00:00:00,35890.08
2022-03-12 12:00:00,35658.43
2022-03-13 00:00:00,35589.04
2022-03-13 12:00:00,34700.0
2022-03-14 00:00:00,35587.18
2022-03-14 12:00:00,36301.74
2022-03-15 00:00:00,35260.43
2022-03-15 12:00:00,35868.27
2022-03-16 00:00:00,36816.52
2022-03-16 12:00:00,37323.74
2022-03-17 00:00:00,36909.99
2022-03-17 12:00:00,36927.85
2022-03-18 00:00:00,36658.37
2022-03-18 12:00:00,37866.58
2022-03-19 00:00:00,37800.0
2022-03-19 12:00:00,38230.29
2022-03-20 00:00:00,37677.84
2022-03-20 12:00:00,37423.47
2022-03-21 00:00:00,37455.49
2022-03-21 12:00:00,37247.99
2022-03-22 00:00:00,39137.35
2022-03-22 12:00:00,38450.17
2022-03-23 00:00:00,38329.57
2022-03-23 12:00:00,38978.99
2022-03-24 00:00:00,39110.39
2022-03-24 12:00:00,39999.58
2022-03-25 00:00:00,40525.14
2022-03-25 12:00:00,40377.56
2022-03-26 00:00:00,40437.02
2022-03-26 12:00:00,40605.15
2022-03-27 00:00:00,40653.78
2022-03-27 12:00:00,42665.67
2022-03-28 00:00:00,43142.64
2022-03-28 12:00:00,42893.96
2022-03-29 00:00:00,43250.1
2022-03-29 12:00:00,42812.23
2022-03-30 00:00:00,42516.73
2022-03-30 12:00:00,42193.91
2022-03-31 00:00:00,42505.57
2022-03-31 12:00:00,41157.53
2022-04-01 00:00:00,40829.5
2022-04-01 12:00:00,41969.19
2022-04-02 00:00:00,42184.94
2022-04-02 12:00:00,41521.4
2022-04-03 00:00:00,41957.22
2022-04-03 12:00:00,42060.39
2022-04-04 00:00:00,41999.76
2022-04-04 12:00:00,42469.93
2022-04-05 00:00:00,42602.9
2022-04-05 12:00:00,41759.48
2022-04-06 00:00:00,41082.96
2022-04-06 12:00:00,39666.47
2022-04-07 00:00:00,40131.45
2022-04-07 12:00:00,40004.15
2022-04-08 00:00:00,39909.68
2022-04-08 12:00:00,38932.68
2022-04-09 00:00:00,39098.2
2022-04-09 12:00:00,39380.42
2022-04-10 00:00:00,39319.3
2022-04-10 12:00:00,38771.65
2022-04-11 00:00:00,37697.05
2022-04-11 12:00:00,36345.94
2022-04-12 00:00:00,37237.22
2022-04-12 12:00:00,37052.67
2022-04-13 00:00:00,36717.35
2022-04-13 12:00:00,37803.86
2022-04-14 00:00:00,37666.93
2022-04-14 12:00:00,36957.95
2022-04-15 00:00:00,37250.0
2022-04-15 12:00:00,37629.8
2022-04-16 00:00:00,37477.07
2022-04-16 12:00:00,37431.57
2022-04-17 00:00:00,37518.6
2022-04-17 12:00:00,36752.52
2022-04-18 00:00:00,36149.89
2022-04-18 12:00:00,37961.76
2022-04-19 00:00:00,37758.47
2022-04-19 12:00:00,38499.95
2022-04-20 00:00:00,38926.08
2022-04-20 12:00:00,38163.85
2022-04-21 00:00:00,39044.82
2022-04-21 12:00:00,37433.59
2022-04-22 00:00:00,37547.69
2022-04-22 12:00:00,36855.79
2022-04-23 00:00:00,36773.24
2022-04-23 12:00:00,36603.44
2022-04-24 00:00:00,36760.89
2022-04-24 12:00:00,36535.14
2022-04-25 00:00:00,36163.97
2022-04-25 12:00:00,37757.49
2022-04-26 00:00:00,37932.04
2022-04-26 12:00:00,35878.64
2022-04-27 00:00:00,36890.81
2022-04-27 12:00:00,37170.75
2022-04-28 00:00:00,37830.34
2022-04-28 12:00:00,37853.58
2022-04-29 00:00:00,36751.91
2022-04-29 12:00:00,36627.58
2022-04-30 00:00:00,36632.55
2022-04-30 12:00:00,35803.01
2022-05-01 00:00:00,36047.09
2022-05-01 12:00:00,36493.91
2022-05-02 00:00:00,36651.76
2022-05-02 12:00:00,36667.64
2022-05-03 00:00:00,36625.62
2022-05-03 12:00:00,35908.54
2022-05-04 00:00:00,37041.68
2022-05-04 12:00:00,37388.35
2022-05-05 00:00:00,37443.98
2022-05-05 12:00:00,34720.17
2022-05-06 00:00:00,33879.9
2022-05-06 12:00:00,34189.33
2022-05-07 00:00:00,34256.42
2022-05-07 12:00:00,33682.35
2022-05-08 00:00:00,33032.54
2022-05-08 12:00:00,32349.25
2022-05-09 00:00:00,31412.45
2022-05-09 12:00:00,28477.15
2022-05-10 00:00:00,29982.27
2022-05-10 12:00:00,29507.44
2022-05-11 00:00:00,29898.76
2022-05-11 12:00:00,27574.26
2022-05-12 00:00:00,27055.49
2022-05-12 12:00:00,27895.1
2022-05-13 00:00:00,29521.21
2022-05-13 12:00:00,28135.74
2022-05-14 00:00:00,27929.14
2022-05-14 12:00:00,28935.35
2022-05-15 00:00:00,29084.44
2022-05-15 12:00:00,30130.42
2022-05-16 00:00:00,28750.01
2022-05-16 12:00:00,28615.57
2022-05-17 00:00:00,28752.03
2022-05-17 12:00:00,28852.03
2022-05-18 00:00:00,28377.45
2022-05-18 12:00:00,27413.33
2022-05-19 00:00:00,28042.08
2022-05-19 12:00:00,28646.1
2022-05-20 00:00:00,28783.53
2022-05-20 12:00:00,27656.63
2022-05-21 00:00:00,27745.96
2022-05-21 12:00:00,27869.46
2022-05-22 00:00:00,28315.64
2022-05-22 12:00:00,28651.89
2022-05-23 00:00:00,28532.8
2022-05-23 12:00:00,27241.85
2022-05-24 00:00:00,27342.5
2022-05-24 12:00:00,27631.89
2022-05-25 00:00:00,27582.57
2022-05-25 12:00:00,27644.54
2022-05-26 00:00:00,27093.36
2022-05-26 12:00:00,27211.76
2022-05-27 00:00:00,27000.48
2022-05-27 12:00:00,26652.74
2022-05-28 00:00:00,26869.13
2022-05-28 12:00:00,27188.57
